benchmark_date_utc,data_origin,recorded_at_utc,task,workload,rl_library,physics_backend,rendering_backend,num_envs,seed,measured_iterations,total_fps_mean,total_fps_std,total_fps_peak,vram_mean_gb,vram_std_gb,vram_peak_gb,gpu_util_mean_pct,gpu_util_std_pct,gpu_name,gpu_memory_total_gb,cpu_name,physical_cpu_count,ram_total_gb,cuda_bindings_version,nvidia_driver_version,git_commit
2026-08-24,measured,2026-08-24T07:12:17.407993Z,Isaac-Ant,runtime,,isaacsim_physx,none,8192,,100,537633.15,48202.71,691593.88,7.61,0.04,7.63,15.67,12.70,NVIDIA RTX PRO 6000 Blackwell Server Edition,94.97,INTEL(R) XEON(R) GOLD 5512U,56,251.36,12.9.7,595.58.03,f86b4e1ad66e637e7770a727e181ffe150a2077b
2026-08-24,measured,2026-08-24T07:51:51.147696Z,Isaac-Ant,runtime,,newton_mjwarp,none,8192,,100,561148.09,460106.36,2203990.75,1.29,0.00,1.29,9.67,14.22,NVIDIA RTX PRO 6000 Blackwell Server Edition,94.97,INTEL(R) XEON(R) GOLD 5512U,56,251.36,12.9.7,595.58.03,f86b4e1ad66e637e7770a727e181ffe150a2077b
2026-08-24,measured,2026-08-24T18:04:45.167377Z,Isaac-Ant,runtime,,ovphysx,none,8192,,100,758615.70,54404.33,1059746.99,4.64,0.04,4.66,19.67,17.04,NVIDIA RTX PRO 6000 Blackwell Server Edition,94.97,INTEL(R) XEON(R) GOLD 5512U,56,251.36,12.9.7,595.58.03,c4a275975788ff0c64b39de66ce799070b75fb1c
2026-08-24,measured,2026-08-24T09:27:36.466260Z,Isaac-Ant,training,rsl_rl,isaacsim_physx,none,8192,42,10,380136.40,88670.40,435207.00,8.55,0.53,8.82,27.22,19.70,NVIDIA RTX PRO 6000 Blackwell Server Edition,94.97,INTEL(R) XEON(R) GOLD 5512U,56,251.36,12.9.7,595.58.03,f86b4e1ad66e637e7770a727e181ffe150a2077b
2026-08-24,measured,2026-08-24T14:19:12.342405Z,Isaac-Ant,training,rsl_rl,newton_mjwarp,none,8192,42,10,761954.60,211164.24,831790.00,2.15,0.61,2.54,31.83,24.38,NVIDIA RTX PRO 6000 Blackwell Server Edition,94.97,INTEL(R) XEON(R) GOLD 5512U,56,251.36,12.9.7,595.58.03,f86b4e1ad66e637e7770a727e181ffe150a2077b
2026-08-24,measured,2026-08-24T15:06:30.734611Z,Isaac-Ant,training,rsl_rl,ovphysx,none,8192,42,10,500231.80,124980.95,550819.00,5.56,0.61,5.91,21.29,14.91,NVIDIA RTX PRO 6000 Blackwell Server Edition,94.97,INTEL(R) XEON(R) GOLD 5512U,56,251.36,12.9.7,595.58.03,f86b4e1ad66e637e7770a727e181ffe150a2077b
2026-08-24,measured,2026-08-24T07:13:12.586654Z,Isaac-Ant-Direct,runtime,,isaacsim_physx,none,8192,,100,670688.56,82330.43,955705.75,7.56,0.00,7.57,24.00,3.61,NVIDIA RTX PRO 6000 Blackwell Server Edition,94.97,INTEL(R) XEON(R) GOLD 5512U,56,251.36,12.9.7,595.58.03,f86b4e1ad66e637e7770a727e181ffe150a2077b
2026-08-24,measured,2026-08-24T07:52:29.272587Z,Isaac-Ant-Direct,runtime,,newton_mjwarp,none,8192,,100,2814843.26,572426.30,3413459.92,1.28,0.00,1.28,32.50,43.13,NVIDIA RTX PRO 6000 Blackwell Server Edition,94.97,INTEL(R) XEON(R) GOLD 5512U,56,251.36,12.9.7,595.58.03,f86b4e1ad66e637e7770a727e181ffe150a2077b
2026-08-24,measured,2026-08-24T18:04:45.167377Z,Isaac-Ant-Direct,runtime,,ovphysx,none,8192,,100,907182.93,57197.66,1084801.78,4.62,0.04,4.65,31.00,0.00,NVIDIA RTX PRO 6000 Blackwell Server Edition,94.97,INTEL(R) XEON(R) GOLD 5512U,56,251.36,12.9.7,595.58.03,c4a275975788ff0c64b39de66ce799070b75fb1c
2026-08-24,measured,2026-08-24T09:27:36.466260Z,Isaac-Ant-Direct,training,rsl_rl,isaacsim_physx,none,8192,42,10,447405.10,82281.34,502261.00,8.63,0.49,8.82,20.57,8.22,NVIDIA RTX PRO 6000 Blackwell Server Edition,94.97,INTEL(R) XEON(R) GOLD 5512U,56,251.36,12.9.7,595.58.03,f86b4e1ad66e637e7770a727e181ffe150a2077b
2026-08-24,measured,2026-08-24T14:19:12.342405Z,Isaac-Ant-Direct,training,rsl_rl,newton_mjwarp,none,8192,42,10,966338.70,230950.77,1042798.00,2.29,0.56,2.54,51.40,28.68,NVIDIA RTX PRO 6000 Blackwell Server Edition,94.97,INTEL(R) XEON(R) GOLD 5512U,56,251.36,12.9.7,595.58.03,f86b4e1ad66e637e7770a727e181ffe150a2077b
2026-08-24,measured,2026-08-24T15:06:30.734611Z,Isaac-Ant-Direct,training,rsl_rl,ovphysx,none,8192,42,10,556140.90,107496.13,598159.00,5.68,0.53,5.91,26.83,26.53,NVIDIA RTX PRO 6000 Blackwell Server Edition,94.97,INTEL(R) XEON(R) GOLD 5512U,56,251.36,12.9.7,595.58.03,f86b4e1ad66e637e7770a727e181ffe150a2077b
2026-08-24,measured,2026-08-24T07:18:52.751519Z,Isaac-Cartpole,runtime,,isaacsim_physx,none,8192,,100,975387.84,167397.07,1447985.56,7.02,0.00,7.02,20.00,1.41,NVIDIA RTX PRO 6000 Blackwell Server Edition,94.97,INTEL(R) XEON(R) GOLD 5512U,56,251.36,12.9.7,595.58.03,f86b4e1ad66e637e7770a727e181ffe150a2077b
2026-08-24,measured,2026-08-24T12:10:13.266561Z,Isaac-Cartpole,runtime,,newton_mjwarp,none,8192,,100,2898438.68,1403497.26,5456120.92,0.88,0.00,0.88,16.00,19.80,NVIDIA RTX PRO 6000 Blackwell Server Edition,94.97,INTEL(R) XEON(R) GOLD 5512U,56,251.36,12.9.7,595.58.03,f86b4e1ad66e637e7770a727e181ffe150a2077b
2026-08-24,measured,2026-08-24T18:09:14.779245Z,Isaac-Cartpole,runtime,,ovphysx,none,8192,,100,1422758.34,136931.12,1900276.32,3.91,0.00,3.91,18.50,2.12,NVIDIA RTX PRO 6000 Blackwell Server Edition,94.97,INTEL(R) XEON(R) GOLD 5512U,56,251.36,12.9.7,595.58.03,c4a275975788ff0c64b39de66ce799070b75fb1c
2026-08-24,measured,2026-08-24T16:08:30.210624Z,Isaac-Cartpole,training,rsl_rl,isaacsim_physx,none,4096,42,10,260492.70,56336.69,287162.00,6.56,0.03,6.57,13.75,8.50,NVIDIA RTX PRO 6000 Blackwell Server Edition,94.97,INTEL(R) XEON(R) GOLD 5512U,56,251.36,12.9.7,595.58.03,f86b4e1ad66e637e7770a727e181ffe150a2077b
2026-08-24,measured,2026-08-24T16:26:00.699462Z,Isaac-Cartpole,training,rsl_rl,newton_mjwarp,none,4096,42,10,466481.40,120855.52,508490.00,0.88,0.06,0.91,15.33,13.32,NVIDIA RTX PRO 6000 Blackwell Server Edition,94.97,INTEL(R) XEON(R) GOLD 5512U,56,251.36,12.9.7,595.58.03,f86b4e1ad66e637e7770a727e181ffe150a2077b
2026-08-24,measured,2026-08-24T07:34:37.020854Z,Isaac-Cartpole-Camera,runtime,,isaacsim_physx,none,8192,,100,370163.40,43619.15,466393.32,12.95,0.00,12.95,69.50,4.73,NVIDIA RTX PRO 6000 Blackwell Server Edition,94.97,INTEL(R) XEON(R) GOLD 5512U,56,251.36,12.9.7,595.58.03,f86b4e1ad66e637e7770a727e181ffe150a2077b
2026-08-24,measured,2026-08-24T12:10:13.266561Z,Isaac-Cartpole-Camera,runtime,,newton_mjwarp,none,8192,,100,497501.41,50982.52,614731.14,6.86,0.00,6.86,87.67,5.51,NVIDIA RTX PRO 6000 Blackwell Server Edition,94.97,INTEL(R) XEON(R) GOLD 5512U,56,251.36,12.9.7,595.58.03,f86b4e1ad66e637e7770a727e181ffe150a2077b
2026-08-24,measured,2026-08-24T18:28:08.322869Z,Isaac-Cartpole-Camera,runtime,,ovphysx,none,8192,,100,458636.76,11843.45,485145.96,9.86,0.00,9.86,76.00,1.73,NVIDIA RTX PRO 6000 Blackwell Server Edition,94.97,INTEL(R) XEON(R) GOLD 5512U,56,251.36,12.9.7,595.58.03,c4a275975788ff0c64b39de66ce799070b75fb1c
2026-08-24,measured,2026-08-24T16:25:40.062300Z,Isaac-Cartpole-Camera,training,rsl_rl,isaacsim_physx,none,512,42,10,23796.20,6034.96,26687.00,13.87,0.37,14.07,35.88,27.76,NVIDIA RTX PRO 6000 Blackwell Server Edition,94.97,INTEL(R) XEON(R) GOLD 5512U,56,251.36,12.9.7,595.58.03,f86b4e1ad66e637e7770a727e181ffe150a2077b
2026-08-24,measured,2026-08-24T16:37:10.294998Z,Isaac-Cartpole-Camera,training,rsl_rl,newton_mjwarp,none,512,42,10,34437.90,9511.50,37885.00,8.58,0.42,8.82,48.15,31.88,NVIDIA RTX PRO 6000 Blackwell Server Edition,94.97,INTEL(R) XEON(R) GOLD 5512U,56,251.36,12.9.7,595.58.03,f86b4e1ad66e637e7770a727e181ffe150a2077b
2026-08-24,measured,2026-08-24T07:34:37.020854Z,Isaac-Cartpole-Camera-Direct,runtime,,isaacsim_physx,none,8192,,100,505514.86,64058.49,708293.06,11.26,0.00,11.26,62.00,4.58,NVIDIA RTX PRO 6000 Blackwell Server Edition,94.97,INTEL(R) XEON(R) GOLD 5512U,56,251.36,12.9.7,595.58.03,f86b4e1ad66e637e7770a727e181ffe150a2077b
2026-08-24,measured,2026-08-24T12:10:13.266561Z,Isaac-Cartpole-Camera-Direct,runtime,,newton_mjwarp,none,8192,,100,779069.54,102805.11,1014707.56,5.17,0.00,5.17,87.00,5.20,NVIDIA RTX PRO 6000 Blackwell Server Edition,94.97,INTEL(R) XEON(R) GOLD 5512U,56,251.36,12.9.7,595.58.03,f86b4e1ad66e637e7770a727e181ffe150a2077b
2026-08-24,measured,2026-08-24T18:28:08.322869Z,Isaac-Cartpole-Camera-Direct,runtime,,ovphysx,none,8192,,100,639292.46,29458.89,718249.90,8.17,0.00,8.17,66.33,0.58,NVIDIA RTX PRO 6000 Blackwell Server Edition,94.97,INTEL(R) XEON(R) GOLD 5512U,56,251.36,12.9.7,595.58.03,c4a275975788ff0c64b39de66ce799070b75fb1c
2026-08-24,measured,2026-08-24T16:26:40.665395Z,Isaac-Cartpole-Camera-Direct,training,rsl_rl,isaacsim_physx,none,512,42,10,25779.90,6684.68,28587.00,13.85,0.43,14.11,37.69,27.24,NVIDIA RTX PRO 6000 Blackwell Server Edition,94.97,INTEL(R) XEON(R) GOLD 5512U,56,251.36,12.9.7,595.58.03,f86b4e1ad66e637e7770a727e181ffe150a2077b
2026-08-24,measured,2026-08-24T16:37:10.294998Z,Isaac-Cartpole-Camera-Direct,training,rsl_rl,newton_mjwarp,none,512,42,10,38211.00,10814.93,42026.00,8.59,0.48,8.88,49.00,31.34,NVIDIA RTX PRO 6000 Blackwell Server Edition,94.97,INTEL(R) XEON(R) GOLD 5512U,56,251.36,12.9.7,595.58.03,f86b4e1ad66e637e7770a727e181ffe150a2077b
2026-08-24,measured,2026-08-24T07:18:52.751519Z,Isaac-Cartpole-Direct,runtime,,isaacsim_physx,none,8192,,100,1116349.59,173413.17,1551296.56,7.02,0.00,7.02,20.00,1.41,NVIDIA RTX PRO 6000 Blackwell Server Edition,94.97,INTEL(R) XEON(R) GOLD 5512U,56,251.36,12.9.7,595.58.03,f86b4e1ad66e637e7770a727e181ffe150a2077b
2026-08-24,measured,2026-08-24T12:10:13.266561Z,Isaac-Cartpole-Direct,runtime,,newton_mjwarp,none,8192,,100,4135721.10,1717944.43,7338765.74,0.88,0.00,0.88,20.50,26.16,NVIDIA RTX PRO 6000 Blackwell Server Edition,94.97,INTEL(R) XEON(R) GOLD 5512U,56,251.36,12.9.7,595.58.03,f86b4e1ad66e637e7770a727e181ffe150a2077b
2026-08-24,measured,2026-08-24T18:09:14.779245Z,Isaac-Cartpole-Direct,runtime,,ovphysx,none,8192,,100,1513720.37,143940.62,1873023.55,3.91,0.00,3.91,18.00,1.41,NVIDIA RTX PRO 6000 Blackwell Server Edition,94.97,INTEL(R) XEON(R) GOLD 5512U,56,251.36,12.9.7,595.58.03,c4a275975788ff0c64b39de66ce799070b75fb1c
2026-08-24,measured,2026-08-24T09:30:38.991317Z,Isaac-Cartpole-Direct,training,rsl_rl,isaacsim_physx,none,8192,42,10,567166.60,130447.50,627955.00,7.09,0.03,7.11,16.25,6.85,NVIDIA RTX PRO 6000 Blackwell Server Edition,94.97,INTEL(R) XEON(R) GOLD 5512U,56,251.36,12.9.7,595.58.03,f86b4e1ad66e637e7770a727e181ffe150a2077b
2026-08-24,measured,2026-08-24T14:20:54.464730Z,Isaac-Cartpole-Direct,training,rsl_rl,newton_mjwarp,none,8192,42,10,1086688.10,298222.10,1186344.00,0.93,0.06,0.96,16.67,14.43,NVIDIA RTX PRO 6000 Blackwell Server Edition,94.97,INTEL(R) XEON(R) GOLD 5512U,56,251.36,12.9.7,595.58.03,f86b4e1ad66e637e7770a727e181ffe150a2077b
2026-08-24,measured,2026-08-24T15:08:49.733018Z,Isaac-Cartpole-Direct,training,rsl_rl,ovphysx,none,8192,42,10,667516.20,160909.68,741188.00,3.99,0.03,4.00,15.00,10.00,NVIDIA RTX PRO 6000 Blackwell Server Edition,94.97,INTEL(R) XEON(R) GOLD 5512U,56,251.36,12.9.7,595.58.03,f86b4e1ad66e637e7770a727e181ffe150a2077b
2026-08-24,measured,2026-08-24T07:16:05.815424Z,Isaac-Humanoid,runtime,,isaacsim_physx,none,8192,,100,344939.20,33125.26,392562.72,8.52,0.00,8.52,28.75,0.50,NVIDIA RTX PRO 6000 Blackwell Server Edition,94.97,INTEL(R) XEON(R) GOLD 5512U,56,251.36,12.9.7,595.58.03,f86b4e1ad66e637e7770a727e181ffe150a2077b
2026-08-24,measured,2026-08-24T07:54:32.630540Z,Isaac-Humanoid,runtime,,newton_mjwarp,none,8192,,100,791628.94,7172.61,808156.30,1.86,0.00,1.86,68.00,1.73,NVIDIA RTX PRO 6000 Blackwell Server Edition,94.97,INTEL(R) XEON(R) GOLD 5512U,56,251.36,12.9.7,595.58.03,f86b4e1ad66e637e7770a727e181ffe150a2077b
2026-08-24,measured,2026-08-24T18:07:33.312532Z,Isaac-Humanoid,runtime,,ovphysx,none,8192,,100,406221.95,19724.38,435719.23,5.91,0.00,5.91,31.67,0.58,NVIDIA RTX PRO 6000 Blackwell Server Edition,94.97,INTEL(R) XEON(R) GOLD 5512U,56,251.36,12.9.7,595.58.03,c4a275975788ff0c64b39de66ce799070b75fb1c
2026-08-24,measured,2026-08-24T09:28:38.658564Z,Isaac-Humanoid,training,rsl_rl,isaacsim_physx,none,8192,42,10,257695.80,53405.87,281306.00,9.60,0.64,9.94,26.42,14.69,NVIDIA RTX PRO 6000 Blackwell Server Edition,94.97,INTEL(R) XEON(R) GOLD 5512U,56,251.36,12.9.7,595.58.03,f86b4e1ad66e637e7770a727e181ffe150a2077b
2026-08-24,measured,2026-08-24T14:19:22.469491Z,Isaac-Humanoid,training,rsl_rl,newton_mjwarp,none,8192,42,10,511756.00,128296.54,554209.00,2.91,0.64,3.28,45.43,30.72,NVIDIA RTX PRO 6000 Blackwell Server Edition,94.97,INTEL(R) XEON(R) GOLD 5512U,56,251.36,12.9.7,595.58.03,f86b4e1ad66e637e7770a727e181ffe150a2077b
2026-08-24,measured,2026-08-24T15:12:25.437209Z,Isaac-Humanoid,training,rsl_rl,ovphysx,none,8192,42,10,314936.80,67415.12,341314.00,7.10,0.66,7.41,29.60,18.76,NVIDIA RTX PRO 6000 Blackwell Server Edition,94.97,INTEL(R) XEON(R) GOLD 5512U,56,251.36,12.9.7,595.58.03,f86b4e1ad66e637e7770a727e181ffe150a2077b
2026-08-24,measured,2026-08-24T07:16:24.076012Z,Isaac-Humanoid-Direct,runtime,,isaacsim_physx,none,8192,,100,375622.99,31343.46,418506.21,8.52,0.00,8.52,28.75,0.50,NVIDIA RTX PRO 6000 Blackwell Server Edition,94.97,INTEL(R) XEON(R) GOLD 5512U,56,251.36,12.9.7,595.58.03,f86b4e1ad66e637e7770a727e181ffe150a2077b
2026-08-24,measured,2026-08-24T07:54:43.423663Z,Isaac-Humanoid-Direct,runtime,,newton_mjwarp,none,8192,,100,994743.18,10042.40,1019132.50,1.85,0.00,1.85,79.00,0.00,NVIDIA RTX PRO 6000 Blackwell Server Edition,94.97,INTEL(R) XEON(R) GOLD 5512U,56,251.36,12.9.7,595.58.03,f86b4e1ad66e637e7770a727e181ffe150a2077b
2026-08-24,measured,2026-08-24T18:07:33.312532Z,Isaac-Humanoid-Direct,runtime,,ovphysx,none,8192,,100,450112.97,25329.82,491517.69,5.91,0.00,5.91,33.00,1.00,NVIDIA RTX PRO 6000 Blackwell Server Edition,94.97,INTEL(R) XEON(R) GOLD 5512U,56,251.36,12.9.7,595.58.03,c4a275975788ff0c64b39de66ce799070b75fb1c
2026-08-24,measured,2026-08-24T09:28:38.658564Z,Isaac-Humanoid-Direct,training,rsl_rl,isaacsim_physx,none,8192,42,10,287038.50,42338.31,310229.00,9.64,0.64,9.93,28.20,12.89,NVIDIA RTX PRO 6000 Blackwell Server Edition,94.97,INTEL(R) XEON(R) GOLD 5512U,56,251.36,12.9.7,595.58.03,f86b4e1ad66e637e7770a727e181ffe150a2077b
2026-08-24,measured,2026-08-24T14:26:41.429835Z,Isaac-Humanoid-Direct,training,rsl_rl,newton_mjwarp,none,8192,42,10,606841.60,121188.13,649342.00,3.02,0.58,3.25,58.00,28.92,NVIDIA RTX PRO 6000 Blackwell Server Edition,94.97,INTEL(R) XEON(R) GOLD 5512U,56,251.36,12.9.7,595.58.03,f86b4e1ad66e637e7770a727e181ffe150a2077b
2026-08-24,measured,2026-08-24T15:12:25.437209Z,Isaac-Humanoid-Direct,training,rsl_rl,ovphysx,none,8192,42,10,353766.50,55663.18,379772.00,6.99,0.68,7.32,29.33,10.84,NVIDIA RTX PRO 6000 Blackwell Server Edition,94.97,INTEL(R) XEON(R) GOLD 5512U,56,251.36,12.9.7,595.58.03,f86b4e1ad66e637e7770a727e181ffe150a2077b
2026-08-24,measured,2026-08-24T07:19:42.236298Z,Isaac-Lift-Franka,runtime,,isaacsim_physx,none,8192,,100,200490.73,25051.32,228526.89,11.05,0.00,11.05,47.20,2.39,NVIDIA RTX PRO 6000 Blackwell Server Edition,94.97,INTEL(R) XEON(R) GOLD 5512U,56,251.36,12.9.7,595.58.03,f86b4e1ad66e637e7770a727e181ffe150a2077b
2026-08-24,measured,2026-08-24T07:59:28.145503Z,Isaac-Lift-Franka,runtime,,newton_mjwarp,none,8192,,100,472759.39,4947.08,479936.07,3.02,0.00,3.02,60.33,1.53,NVIDIA RTX PRO 6000 Blackwell Server Edition,94.97,INTEL(R) XEON(R) GOLD 5512U,56,251.36,12.9.7,595.58.03,f86b4e1ad66e637e7770a727e181ffe150a2077b
2026-08-24,measured,2026-08-24T18:17:56.557839Z,Isaac-Lift-Franka,runtime,,ovphysx,none,8192,,100,478317.10,3715.11,488503.01,3.02,0.00,3.02,61.33,1.15,NVIDIA RTX PRO 6000 Blackwell Server Edition,94.97,INTEL(R) XEON(R) GOLD 5512U,56,251.36,12.9.7,595.58.03,c4a275975788ff0c64b39de66ce799070b75fb1c
2026-08-24,measured,2026-08-24T09:33:01.967917Z,Isaac-Lift-Franka,training,rsl_rl,isaacsim_physx,none,8192,42,10,151745.20,19233.76,162485.00,14.31,0.73,14.58,49.06,11.86,NVIDIA RTX PRO 6000 Blackwell Server Edition,94.97,INTEL(R) XEON(R) GOLD 5512U,56,251.36,12.9.7,595.58.03,f86b4e1ad66e637e7770a727e181ffe150a2077b
2026-08-24,measured,2026-08-24T14:21:25.510375Z,Isaac-Lift-Franka,training,rsl_rl,newton_mjwarp,none,8192,42,10,303682.80,51108.92,320643.00,6.17,0.99,6.64,64.00,16.08,NVIDIA RTX PRO 6000 Blackwell Server Edition,94.97,INTEL(R) XEON(R) GOLD 5512U,56,251.36,12.9.7,595.58.03,f86b4e1ad66e637e7770a727e181ffe150a2077b
2026-08-24,measured,2026-08-24T15:14:18.026056Z,Isaac-Lift-Franka,training,rsl_rl,ovphysx,none,8192,42,10,60449.20,3036.87,62380.00,10.67,0.69,10.93,21.02,19.06,NVIDIA RTX PRO 6000 Blackwell Server Edition,94.97,INTEL(R) XEON(R) GOLD 5512U,56,251.36,12.9.7,595.58.03,f86b4e1ad66e637e7770a727e181ffe150a2077b
2026-08-24,measured,2026-08-24T07:27:14.001540Z,Isaac-Lift-KukaAllegro,runtime,,isaacsim_physx,none,8192,,100,71122.89,6748.67,81407.68,12.03,0.00,12.03,80.36,3.01,NVIDIA RTX PRO 6000 Blackwell Server Edition,94.97,INTEL(R) XEON(R) GOLD 5512U,56,251.36,12.9.7,595.58.03,f86b4e1ad66e637e7770a727e181ffe150a2077b
2026-08-24,measured,2026-08-24T08:01:08.491200Z,Isaac-Lift-KukaAllegro,runtime,,newton_mjwarp,none,8192,,100,287815.64,19673.21,335402.66,4.18,0.00,4.18,77.75,1.71,NVIDIA RTX PRO 6000 Blackwell Server Edition,94.97,INTEL(R) XEON(R) GOLD 5512U,56,251.36,12.9.7,595.58.03,f86b4e1ad66e637e7770a727e181ffe150a2077b
2026-08-24,measured,2026-08-24T18:12:33.651825Z,Isaac-Lift-KukaAllegro,runtime,,ovphysx,none,8192,,100,35289.90,837.77,36663.50,9.63,0.00,9.63,54.57,27.18,NVIDIA RTX PRO 6000 Blackwell Server Edition,94.97,INTEL(R) XEON(R) GOLD 5512U,56,251.36,12.9.7,595.58.03,c4a275975788ff0c64b39de66ce799070b75fb1c
2026-08-24,measured,2026-08-24T09:41:51.985894Z,Isaac-Lift-KukaAllegro,training,rsl_rl,isaacsim_physx,none,8192,42,10,54905.60,3355.11,61616.00,16.48,0.98,16.90,76.58,14.80,NVIDIA RTX PRO 6000 Blackwell Server Edition,94.97,INTEL(R) XEON(R) GOLD 5512U,56,251.36,12.9.7,595.58.03,f86b4e1ad66e637e7770a727e181ffe150a2077b
2026-08-24,measured,2026-08-24T14:25:23.669484Z,Isaac-Lift-KukaAllegro,training,rsl_rl,newton_mjwarp,none,8192,42,10,204175.90,27958.71,217060.00,8.27,1.09,8.70,67.71,19.19,NVIDIA RTX PRO 6000 Blackwell Server Edition,94.97,INTEL(R) XEON(R) GOLD 5512U,56,251.36,12.9.7,595.58.03,f86b4e1ad66e637e7770a727e181ffe150a2077b
2026-08-24,measured,2026-08-24T15:16:28.644398Z,Isaac-Lift-KukaAllegro,training,rsl_rl,ovphysx,none,8192,42,10,34287.40,1261.98,35481.00,13.81,0.90,14.12,53.63,27.18,NVIDIA RTX PRO 6000 Blackwell Server Edition,94.97,INTEL(R) XEON(R) GOLD 5512U,56,251.36,12.9.7,595.58.03,f86b4e1ad66e637e7770a727e181ffe150a2077b
2026-08-24,measured,2026-08-24T07:27:14.001540Z,Isaac-Lift-KukaAllegro-Camera,runtime,,isaacsim_physx,none,8192,,100,65242.10,6619.06,74256.05,13.70,0.00,13.70,81.42,5.60,NVIDIA RTX PRO 6000 Blackwell Server Edition,94.97,INTEL(R) XEON(R) GOLD 5512U,56,251.36,12.9.7,595.58.03,f86b4e1ad66e637e7770a727e181ffe150a2077b
2026-08-24,measured,2026-08-24T08:01:08.491200Z,Isaac-Lift-KukaAllegro-Camera,runtime,,newton_mjwarp,none,8192,,100,164108.72,6558.60,180843.08,5.85,0.00,5.85,87.67,3.33,NVIDIA RTX PRO 6000 Blackwell Server Edition,94.97,INTEL(R) XEON(R) GOLD 5512U,56,251.36,12.9.7,595.58.03,f86b4e1ad66e637e7770a727e181ffe150a2077b
2026-08-24,measured,2026-08-24T18:12:33.651825Z,Isaac-Lift-KukaAllegro-Camera,runtime,,ovphysx,none,8192,,100,30767.48,2499.85,48725.77,11.51,0.00,11.51,60.96,25.88,NVIDIA RTX PRO 6000 Blackwell Server Edition,94.97,INTEL(R) XEON(R) GOLD 5512U,56,251.36,12.9.7,595.58.03,c4a275975788ff0c64b39de66ce799070b75fb1c
2026-08-24,measured,2026-08-24T09:41:51.985894Z,Isaac-Lift-KukaAllegro-Camera,training,rsl_rl,isaacsim_physx,none,8192,42,10,48423.80,8845.36,56710.00,33.58,3.38,35.30,71.67,24.07,NVIDIA RTX PRO 6000 Blackwell Server Edition,94.97,INTEL(R) XEON(R) GOLD 5512U,56,251.36,12.9.7,595.58.03,f86b4e1ad66e637e7770a727e181ffe150a2077b
2026-08-24,measured,2026-08-24T14:25:23.669484Z,Isaac-Lift-KukaAllegro-Camera,training,rsl_rl,newton_mjwarp,none,8192,42,10,128813.70,12768.39,134105.00,26.07,2.87,27.21,79.10,19.55,NVIDIA RTX PRO 6000 Blackwell Server Edition,94.97,INTEL(R) XEON(R) GOLD 5512U,56,251.36,12.9.7,595.58.03,f86b4e1ad66e637e7770a727e181ffe150a2077b
2026-08-24,measured,2026-08-24T15:16:28.644398Z,Isaac-Lift-KukaAllegro-Camera,training,rsl_rl,ovphysx,none,8192,42,10,29254.80,1018.20,30473.00,31.94,2.41,32.76,55.06,27.63,NVIDIA RTX PRO 6000 Blackwell Server Edition,94.97,INTEL(R) XEON(R) GOLD 5512U,56,251.36,12.9.7,595.58.03,f86b4e1ad66e637e7770a727e181ffe150a2077b
2026-08-24,measured,2026-08-24T07:19:17.146468Z,Isaac-Open-Drawer-Franka,runtime,,isaacsim_physx,none,8192,,100,303647.70,55363.20,399613.26,9.53,0.14,9.65,74.25,3.10,NVIDIA RTX PRO 6000 Blackwell Server Edition,94.97,INTEL(R) XEON(R) GOLD 5512U,56,251.36,12.9.7,595.58.03,f86b4e1ad66e637e7770a727e181ffe150a2077b
2026-08-24,measured,2026-08-24T12:08:53.280926Z,Isaac-Open-Drawer-Franka,runtime,,newton_mjwarp,none,8192,,100,493094.68,5737.56,502155.40,5.70,0.00,5.70,89.00,0.00,NVIDIA RTX PRO 6000 Blackwell Server Edition,94.97,INTEL(R) XEON(R) GOLD 5512U,56,251.36,12.9.7,595.58.03,f86b4e1ad66e637e7770a727e181ffe150a2077b
2026-08-24,measured,2026-08-24T18:10:57.121518Z,Isaac-Open-Drawer-Franka,runtime,,ovphysx,none,8192,,100,377321.40,21594.32,407181.40,6.87,0.00,6.87,68.75,1.71,NVIDIA RTX PRO 6000 Blackwell Server Edition,94.97,INTEL(R) XEON(R) GOLD 5512U,56,251.36,12.9.7,595.58.03,c4a275975788ff0c64b39de66ce799070b75fb1c
2026-08-24,measured,2026-08-24T09:36:31.892813Z,Isaac-Open-Drawer-Franka,training,rsl_rl,isaacsim_physx,none,8192,42,10,247587.00,17000.74,258617.00,11.54,0.72,11.81,62.43,13.16,NVIDIA RTX PRO 6000 Blackwell Server Edition,94.97,INTEL(R) XEON(R) GOLD 5512U,56,251.36,12.9.7,595.58.03,f86b4e1ad66e637e7770a727e181ffe150a2077b
2026-08-24,measured,2026-08-24T14:26:17.086760Z,Isaac-Open-Drawer-Franka,training,rsl_rl,newton_mjwarp,none,8192,42,10,360135.80,21962.17,372499.00,7.43,1.34,7.86,73.87,16.27,NVIDIA RTX PRO 6000 Blackwell Server Edition,94.97,INTEL(R) XEON(R) GOLD 5512U,56,251.36,12.9.7,595.58.03,f86b4e1ad66e637e7770a727e181ffe150a2077b
2026-08-24,measured,2026-08-24T15:16:09.081676Z,Isaac-Open-Drawer-Franka,training,rsl_rl,ovphysx,none,8192,42,10,272667.20,13986.29,282455.00,8.79,0.65,9.20,59.48,12.83,NVIDIA RTX PRO 6000 Blackwell Server Edition,94.97,INTEL(R) XEON(R) GOLD 5512U,56,251.36,12.9.7,595.58.03,f86b4e1ad66e637e7770a727e181ffe150a2077b
2026-08-24,measured,2026-08-24T07:21:17.076794Z,Isaac-Open-Drawer-Franka-Direct,runtime,,isaacsim_physx,none,8192,,100,354939.53,37845.72,404789.50,9.38,0.00,9.38,69.25,4.57,NVIDIA RTX PRO 6000 Blackwell Server Edition,94.97,INTEL(R) XEON(R) GOLD 5512U,56,251.36,12.9.7,595.58.03,f86b4e1ad66e637e7770a727e181ffe150a2077b
2026-08-24,measured,2026-08-24T12:08:53.280926Z,Isaac-Open-Drawer-Franka-Direct,runtime,,newton_mjwarp,none,8192,,100,526436.14,7575.38,540355.53,5.61,0.00,5.61,93.67,0.58,NVIDIA RTX PRO 6000 Blackwell Server Edition,94.97,INTEL(R) XEON(R) GOLD 5512U,56,251.36,12.9.7,595.58.03,f86b4e1ad66e637e7770a727e181ffe150a2077b
2026-08-24,measured,2026-08-24T18:15:15.230218Z,Isaac-Open-Drawer-Franka-Direct,runtime,,ovphysx,none,8192,,100,386792.75,25891.73,415308.10,6.86,0.14,6.97,71.75,2.50,NVIDIA RTX PRO 6000 Blackwell Server Edition,94.97,INTEL(R) XEON(R) GOLD 5512U,56,251.36,12.9.7,595.58.03,c4a275975788ff0c64b39de66ce799070b75fb1c
2026-08-24,measured,2026-08-24T09:36:31.892813Z,Isaac-Open-Drawer-Franka-Direct,training,rsl_rl,isaacsim_physx,none,8192,42,10,250536.90,22367.98,267805.00,11.53,0.72,11.81,61.27,12.68,NVIDIA RTX PRO 6000 Blackwell Server Edition,94.97,INTEL(R) XEON(R) GOLD 5512U,56,251.36,12.9.7,595.58.03,f86b4e1ad66e637e7770a727e181ffe150a2077b
2026-08-24,measured,2026-08-24T14:27:54.407342Z,Isaac-Open-Drawer-Franka-Direct,training,rsl_rl,newton_mjwarp,none,8192,42,10,367567.20,23847.12,376457.00,7.34,1.36,7.79,74.55,16.72,NVIDIA RTX PRO 6000 Blackwell Server Edition,94.97,INTEL(R) XEON(R) GOLD 5512U,56,251.36,12.9.7,595.58.03,f86b4e1ad66e637e7770a727e181ffe150a2077b
2026-08-24,measured,2026-08-24T15:16:09.081676Z,Isaac-Open-Drawer-Franka-Direct,training,rsl_rl,ovphysx,none,8192,42,10,263711.50,19845.82,288090.00,8.86,0.67,9.16,66.37,15.22,NVIDIA RTX PRO 6000 Blackwell Server Edition,94.97,INTEL(R) XEON(R) GOLD 5512U,56,251.36,12.9.7,595.58.03,f86b4e1ad66e637e7770a727e181ffe150a2077b
2026-08-24,measured,2026-08-24T07:24:12.164561Z,Isaac-Reach-Franka,runtime,,isaacsim_physx,none,8192,,100,350604.44,51533.32,421888.28,8.16,0.00,8.16,43.75,1.89,NVIDIA RTX PRO 6000 Blackwell Server Edition,94.97,INTEL(R) XEON(R) GOLD 5512U,56,251.36,12.9.7,595.58.03,f86b4e1ad66e637e7770a727e181ffe150a2077b
2026-08-24,measured,2026-08-24T12:09:31.668622Z,Isaac-Reach-Franka,runtime,,newton_mjwarp,none,8192,,100,933707.74,31517.36,972155.44,2.39,0.00,2.39,84.00,0.00,NVIDIA RTX PRO 6000 Blackwell Server Edition,94.97,INTEL(R) XEON(R) GOLD 5512U,56,251.36,12.9.7,595.58.03,f86b4e1ad66e637e7770a727e181ffe150a2077b
2026-08-24,measured,2026-08-24T18:13:38.747525Z,Isaac-Reach-Franka,runtime,,ovphysx,none,8192,,100,370461.14,41902.23,463852.04,5.07,0.00,5.07,33.00,19.34,NVIDIA RTX PRO 6000 Blackwell Server Edition,94.97,INTEL(R) XEON(R) GOLD 5512U,56,251.36,12.9.7,595.58.03,c4a275975788ff0c64b39de66ce799070b75fb1c
2026-08-24,measured,2026-08-24T09:36:54.729519Z,Isaac-Reach-Franka,training,rsl_rl,isaacsim_physx,none,8192,42,10,224723.90,55405.50,257027.00,8.39,0.11,8.45,31.36,15.07,NVIDIA RTX PRO 6000 Blackwell Server Edition,94.97,INTEL(R) XEON(R) GOLD 5512U,56,251.36,12.9.7,595.58.03,f86b4e1ad66e637e7770a727e181ffe150a2077b
2026-08-24,measured,2026-08-24T14:28:46.363809Z,Isaac-Reach-Franka,training,rsl_rl,newton_mjwarp,none,8192,42,10,475726.60,135871.49,521856.00,2.43,0.43,2.62,42.14,31.99,NVIDIA RTX PRO 6000 Blackwell Server Edition,94.97,INTEL(R) XEON(R) GOLD 5512U,56,251.36,12.9.7,595.58.03,f86b4e1ad66e637e7770a727e181ffe150a2077b
2026-08-24,measured,2026-08-24T15:16:38.870250Z,Isaac-Reach-Franka,training,rsl_rl,ovphysx,none,8192,42,10,280003.70,71121.08,311011.00,5.24,0.11,5.31,29.33,15.26,NVIDIA RTX PRO 6000 Blackwell Server Edition,94.97,INTEL(R) XEON(R) GOLD 5512U,56,251.36,12.9.7,595.58.03,f86b4e1ad66e637e7770a727e181ffe150a2077b
2026-08-24,measured,2026-08-24T07:24:12.164561Z,Isaac-Reach-Franka-OSC,runtime,,isaacsim_physx,none,8192,,100,200424.67,25502.95,225370.31,8.30,0.00,8.30,34.40,1.14,NVIDIA RTX PRO 6000 Blackwell Server Edition,94.97,INTEL(R) XEON(R) GOLD 5512U,56,251.36,12.9.7,595.58.03,f86b4e1ad66e637e7770a727e181ffe150a2077b
2026-08-24,measured,2026-08-24T12:09:31.668622Z,Isaac-Reach-Franka-OSC,runtime,,newton_mjwarp,none,8192,,100,283201.87,27876.83,312052.94,2.41,0.00,2.41,57.25,1.50,NVIDIA RTX PRO 6000 Blackwell Server Edition,94.97,INTEL(R) XEON(R) GOLD 5512U,56,251.36,12.9.7,595.58.03,f86b4e1ad66e637e7770a727e181ffe150a2077b
2026-08-24,measured,2026-08-24T18:13:39.835479Z,Isaac-Reach-Franka-OSC,runtime,,ovphysx,none,8192,,100,211819.28,31194.42,253547.19,5.12,0.00,5.12,28.40,15.88,NVIDIA RTX PRO 6000 Blackwell Server Edition,94.97,INTEL(R) XEON(R) GOLD 5512U,56,251.36,12.9.7,595.58.03,c4a275975788ff0c64b39de66ce799070b75fb1c
2026-08-24,measured,2026-08-24T09:36:54.729519Z,Isaac-Reach-Franka-OSC,training,rsl_rl,isaacsim_physx,none,8192,42,10,153751.90,33899.40,168201.00,8.44,0.12,8.50,24.50,15.19,NVIDIA RTX PRO 6000 Blackwell Server Edition,94.97,INTEL(R) XEON(R) GOLD 5512U,56,251.36,12.9.7,595.58.03,f86b4e1ad66e637e7770a727e181ffe150a2077b
2026-08-24,measured,2026-08-24T14:29:23.807306Z,Isaac-Reach-Franka-OSC,training,rsl_rl,newton_mjwarp,none,8192,42,10,224903.90,54405.18,243170.00,2.50,0.35,2.64,35.18,23.84,NVIDIA RTX PRO 6000 Blackwell Server Edition,94.97,INTEL(R) XEON(R) GOLD 5512U,56,251.36,12.9.7,595.58.03,f86b4e1ad66e637e7770a727e181ffe150a2077b
2026-08-24,measured,2026-08-24T15:16:38.870250Z,Isaac-Reach-Franka-OSC,training,rsl_rl,ovphysx,none,8192,42,10,186384.30,42743.50,201465.00,5.30,0.11,5.36,24.92,14.36,NVIDIA RTX PRO 6000 Blackwell Server Edition,94.97,INTEL(R) XEON(R) GOLD 5512U,56,251.36,12.9.7,595.58.03,f86b4e1ad66e637e7770a727e181ffe150a2077b
2026-08-24,measured,2026-08-24T07:19:32.866761Z,Isaac-Reach-UR10,runtime,,isaacsim_physx,none,8192,,100,344785.95,52437.07,423385.56,7.54,0.00,7.54,58.75,5.97,NVIDIA RTX PRO 6000 Blackwell Server Edition,94.97,INTEL(R) XEON(R) GOLD 5512U,56,251.36,12.9.7,595.58.03,f86b4e1ad66e637e7770a727e181ffe150a2077b
2026-08-24,measured,2026-08-24T08:01:18.202273Z,Isaac-Reach-UR10,runtime,,newton_mjwarp,none,8192,,100,953926.94,141174.29,1499095.36,2.70,0.00,2.70,41.50,53.03,NVIDIA RTX PRO 6000 Blackwell Server Edition,94.97,INTEL(R) XEON(R) GOLD 5512U,56,251.36,12.9.7,595.58.03,f86b4e1ad66e637e7770a727e181ffe150a2077b
2026-08-24,measured,2026-08-24T18:21:51.262837Z,Isaac-Reach-UR10,runtime,,ovphysx,none,8192,,100,368705.85,40476.83,448832.89,5.29,0.00,5.29,61.75,0.96,NVIDIA RTX PRO 6000 Blackwell Server Edition,94.97,INTEL(R) XEON(R) GOLD 5512U,56,251.36,12.9.7,595.58.03,c4a275975788ff0c64b39de66ce799070b75fb1c
2026-08-24,measured,2026-08-24T09:37:21.634870Z,Isaac-Reach-UR10,training,rsl_rl,isaacsim_physx,none,8192,42,10,249189.60,62518.73,279783.00,8.32,0.38,8.52,43.80,22.74,NVIDIA RTX PRO 6000 Blackwell Server Edition,94.97,INTEL(R) XEON(R) GOLD 5512U,56,251.36,12.9.7,595.58.03,f86b4e1ad66e637e7770a727e181ffe150a2077b
2026-08-24,measured,2026-08-24T14:28:04.694387Z,Isaac-Reach-UR10,training,rsl_rl,newton_mjwarp,none,8192,42,10,530434.40,154177.47,590493.00,2.64,0.66,2.92,34.86,32.65,NVIDIA RTX PRO 6000 Blackwell Server Edition,94.97,INTEL(R) XEON(R) GOLD 5512U,56,251.36,12.9.7,595.58.03,f86b4e1ad66e637e7770a727e181ffe150a2077b
2026-08-24,measured,2026-08-24T15:16:18.931760Z,Isaac-Reach-UR10,training,rsl_rl,ovphysx,none,8192,42,10,286810.50,73441.30,315751.00,5.45,0.09,5.51,45.67,25.95,NVIDIA RTX PRO 6000 Blackwell Server Edition,94.97,INTEL(R) XEON(R) GOLD 5512U,56,251.36,12.9.7,595.58.03,f86b4e1ad66e637e7770a727e181ffe150a2077b
2026-08-24,measured,2026-08-24T07:24:25.230655Z,Isaac-Reorient-Cube-Allegro,runtime,,isaacsim_physx,none,8192,,100,126553.52,12796.86,138811.64,8.92,0.00,8.92,52.00,2.31,NVIDIA RTX PRO 6000 Blackwell Server Edition,94.97,INTEL(R) XEON(R) GOLD 5512U,56,251.36,12.9.7,595.58.03,f86b4e1ad66e637e7770a727e181ffe150a2077b
2026-08-24,measured,2026-08-24T08:03:26.231168Z,Isaac-Reorient-Cube-Allegro,runtime,,newton_mjwarp,none,8192,,100,192349.68,2720.63,198117.91,7.31,0.00,7.31,91.17,2.04,NVIDIA RTX PRO 6000 Blackwell Server Edition,94.97,INTEL(R) XEON(R) GOLD 5512U,56,251.36,12.9.7,595.58.03,f86b4e1ad66e637e7770a727e181ffe150a2077b
2026-08-24,measured,2026-08-24T18:24:29.948612Z,Isaac-Reorient-Cube-Allegro,runtime,,ovphysx,none,8192,,100,110102.26,2911.63,115879.62,6.28,0.00,6.28,42.56,3.50,NVIDIA RTX PRO 6000 Blackwell Server Edition,94.97,INTEL(R) XEON(R) GOLD 5512U,56,251.36,12.9.7,595.58.03,c4a275975788ff0c64b39de66ce799070b75fb1c
2026-08-24,measured,2026-08-24T09:36:21.277952Z,Isaac-Reorient-Cube-Allegro,training,rsl_rl,isaacsim_physx,none,8192,42,10,110252.40,17236.90,118424.00,10.05,0.61,10.31,47.56,17.51,NVIDIA RTX PRO 6000 Blackwell Server Edition,94.97,INTEL(R) XEON(R) GOLD 5512U,56,251.36,12.9.7,595.58.03,f86b4e1ad66e637e7770a727e181ffe150a2077b
2026-08-24,measured,2026-08-24T14:30:32.617101Z,Isaac-Reorient-Cube-Allegro,training,rsl_rl,newton_mjwarp,none,8192,42,10,161853.10,26262.44,172498.00,8.09,1.82,8.69,76.86,31.41,NVIDIA RTX PRO 6000 Blackwell Server Edition,94.97,INTEL(R) XEON(R) GOLD 5512U,56,251.36,12.9.7,595.58.03,f86b4e1ad66e637e7770a727e181ffe150a2077b
2026-08-24,measured,2026-08-24T15:21:34.441550Z,Isaac-Reorient-Cube-Allegro,training,rsl_rl,ovphysx,none,8192,42,10,96822.30,11943.66,103576.00,7.51,0.55,7.72,41.29,16.73,NVIDIA RTX PRO 6000 Blackwell Server Edition,94.97,INTEL(R) XEON(R) GOLD 5512U,56,251.36,12.9.7,595.58.03,f86b4e1ad66e637e7770a727e181ffe150a2077b
2026-08-24,measured,2026-08-24T07:24:25.230655Z,Isaac-Reorient-Cube-Allegro-Direct,runtime,,isaacsim_physx,none,8192,,100,124929.56,11701.71,134111.20,9.10,0.00,9.10,51.57,2.07,NVIDIA RTX PRO 6000 Blackwell Server Edition,94.97,INTEL(R) XEON(R) GOLD 5512U,56,251.36,12.9.7,595.58.03,f86b4e1ad66e637e7770a727e181ffe150a2077b
2026-08-24,measured,2026-08-24T08:04:11.495127Z,Isaac-Reorient-Cube-Allegro-Direct,runtime,,newton_mjwarp,none,8192,,100,178211.56,2089.81,183533.76,7.31,0.00,7.31,88.67,1.37,NVIDIA RTX PRO 6000 Blackwell Server Edition,94.97,INTEL(R) XEON(R) GOLD 5512U,56,251.36,12.9.7,595.58.03,f86b4e1ad66e637e7770a727e181ffe150a2077b
2026-08-24,measured,2026-08-24T18:24:29.948612Z,Isaac-Reorient-Cube-Allegro-Direct,runtime,,ovphysx,none,8192,,100,102823.93,2351.69,108795.36,6.28,0.00,6.28,39.89,4.28,NVIDIA RTX PRO 6000 Blackwell Server Edition,94.97,INTEL(R) XEON(R) GOLD 5512U,56,251.36,12.9.7,595.58.03,c4a275975788ff0c64b39de66ce799070b75fb1c
2026-08-24,measured,2026-08-24T09:36:21.277952Z,Isaac-Reorient-Cube-Allegro-Direct,training,rsl_rl,isaacsim_physx,none,8192,42,10,100678.80,19754.73,109474.00,10.19,0.81,10.60,46.36,20.95,NVIDIA RTX PRO 6000 Blackwell Server Edition,94.97,INTEL(R) XEON(R) GOLD 5512U,56,251.36,12.9.7,595.58.03,f86b4e1ad66e637e7770a727e181ffe150a2077b
2026-08-24,measured,2026-08-24T14:30:32.617101Z,Isaac-Reorient-Cube-Allegro-Direct,training,rsl_rl,newton_mjwarp,none,8192,42,10,142041.20,30586.49,153037.00,8.11,2.17,9.05,70.45,34.89,NVIDIA RTX PRO 6000 Blackwell Server Edition,94.97,INTEL(R) XEON(R) GOLD 5512U,56,251.36,12.9.7,595.58.03,f86b4e1ad66e637e7770a727e181ffe150a2077b
2026-08-24,measured,2026-08-24T15:21:34.441550Z,Isaac-Reorient-Cube-Allegro-Direct,training,rsl_rl,ovphysx,none,8192,42,10,89321.80,15800.07,97678.00,7.67,0.75,8.01,39.25,18.67,NVIDIA RTX PRO 6000 Blackwell Server Edition,94.97,INTEL(R) XEON(R) GOLD 5512U,56,251.36,12.9.7,595.58.03,f86b4e1ad66e637e7770a727e181ffe150a2077b
2026-08-24,measured,2026-08-24T07:33:49.504437Z,Isaac-Reorient-Cube-Shadow,runtime,,isaacsim_physx,none,8192,,100,205692.88,23177.10,253025.32,9.98,0.00,9.98,48.00,1.22,NVIDIA RTX PRO 6000 Blackwell Server Edition,94.97,INTEL(R) XEON(R) GOLD 5512U,56,251.36,12.9.7,595.58.03,f86b4e1ad66e637e7770a727e181ffe150a2077b
2026-08-24,measured,2026-08-24T08:13:31.627455Z,Isaac-Reorient-Cube-Shadow,runtime,,newton_mjwarp,none,8192,,100,363061.53,5986.84,378548.15,8.54,0.00,8.54,82.75,0.50,NVIDIA RTX PRO 6000 Blackwell Server Edition,94.97,INTEL(R) XEON(R) GOLD 5512U,56,251.36,12.9.7,595.58.03,f86b4e1ad66e637e7770a727e181ffe150a2077b
2026-08-24,measured,2026-08-24T18:23:40.884008Z,Isaac-Reorient-Cube-Shadow,runtime,,ovphysx,none,8192,,100,125043.28,5994.97,140247.22,6.98,0.00,6.98,28.75,3.06,NVIDIA RTX PRO 6000 Blackwell Server Edition,94.97,INTEL(R) XEON(R) GOLD 5512U,56,251.36,12.9.7,595.58.03,c4a275975788ff0c64b39de66ce799070b75fb1c
2026-08-24,measured,2026-08-24T09:50:34.242725Z,Isaac-Reorient-Cube-Shadow,training,rsl_rl,isaacsim_physx,none,8192,42,10,158861.10,34726.56,177429.00,11.00,0.56,11.26,41.70,21.83,NVIDIA RTX PRO 6000 Blackwell Server Edition,94.97,INTEL(R) XEON(R) GOLD 5512U,56,251.36,12.9.7,595.58.03,f86b4e1ad66e637e7770a727e181ffe150a2077b
2026-08-24,measured,2026-08-24T10:35:18.200324Z,Isaac-Reorient-Cube-Shadow,training,rsl_rl,newton_mjwarp,none,8192,42,10,262513.60,61359.15,290105.00,8.64,2.67,9.82,58.00,36.71,NVIDIA RTX PRO 6000 Blackwell Server Edition,94.97,INTEL(R) XEON(R) GOLD 5512U,56,251.36,12.9.7,595.58.03,f86b4e1ad66e637e7770a727e181ffe150a2077b
2026-08-24,measured,2026-08-24T15:34:37.151952Z,Isaac-Reorient-Cube-Shadow,training,rsl_rl,ovphysx,none,8192,42,10,108917.50,19320.61,118190.00,7.98,0.56,8.26,27.21,16.33,NVIDIA RTX PRO 6000 Blackwell Server Edition,94.97,INTEL(R) XEON(R) GOLD 5512U,56,251.36,12.9.7,595.58.03,f86b4e1ad66e637e7770a727e181ffe150a2077b
2026-08-24,measured,2026-08-24T07:43:00.604388Z,Isaac-Reorient-Cube-Shadow-Camera,runtime,,isaacsim_physx,none,8192,,100,29404.68,1489.61,30830.47,32.63,0.00,32.63,90.59,10.33,NVIDIA RTX PRO 6000 Blackwell Server Edition,94.97,INTEL(R) XEON(R) GOLD 5512U,56,251.36,12.9.7,595.58.03,f86b4e1ad66e637e7770a727e181ffe150a2077b
2026-08-24,measured,2026-08-24T08:17:08.728325Z,Isaac-Reorient-Cube-Shadow-Camera,runtime,,newton_mjwarp,none,8192,,100,36086.06,87.42,36447.61,27.85,0.00,27.85,97.57,2.35,NVIDIA RTX PRO 6000 Blackwell Server Edition,94.97,INTEL(R) XEON(R) GOLD 5512U,56,251.36,12.9.7,595.58.03,f86b4e1ad66e637e7770a727e181ffe150a2077b
2026-08-24,measured,2026-08-24T18:36:06.092210Z,Isaac-Reorient-Cube-Shadow-Camera,runtime,,ovphysx,none,8192,,100,27535.33,205.98,28263.85,26.35,0.00,26.35,81.52,20.39,NVIDIA RTX PRO 6000 Blackwell Server Edition,94.97,INTEL(R) XEON(R) GOLD 5512U,56,251.36,12.9.7,595.58.03,c4a275975788ff0c64b39de66ce799070b75fb1c
2026-08-24,measured,2026-08-24T10:00:55.777814Z,Isaac-Reorient-Cube-Shadow-Camera,training,rsl_rl,isaacsim_physx,none,8192,42,10,31423.90,1627.55,32071.00,35.47,2.21,35.79,85.99,15.88,NVIDIA RTX PRO 6000 Blackwell Server Edition,94.97,INTEL(R) XEON(R) GOLD 5512U,56,251.36,12.9.7,595.58.03,f86b4e1ad66e637e7770a727e181ffe150a2077b
2026-08-24,measured,2026-08-24T14:51:54.102828Z,Isaac-Reorient-Cube-Shadow-Camera,training,rsl_rl,newton_mjwarp,none,8192,42,10,38303.00,624.28,38620.00,31.14,1.62,31.28,95.86,9.01,NVIDIA RTX PRO 6000 Blackwell Server Edition,94.97,INTEL(R) XEON(R) GOLD 5512U,56,251.36,12.9.7,595.58.03,f86b4e1ad66e637e7770a727e181ffe150a2077b
2026-08-24,measured,2026-08-24T15:45:08.331855Z,Isaac-Reorient-Cube-Shadow-Camera,training,rsl_rl,ovphysx,none,8192,42,10,28968.50,663.26,29410.00,29.68,1.01,29.78,80.54,20.61,NVIDIA RTX PRO 6000 Blackwell Server Edition,94.97,INTEL(R) XEON(R) GOLD 5512U,56,251.36,12.9.7,595.58.03,f86b4e1ad66e637e7770a727e181ffe150a2077b
2026-08-24,measured,2026-08-24T07:43:00.604388Z,Isaac-Reorient-Cube-Shadow-Camera-Direct,runtime,,isaacsim_physx,none,8192,,100,29390.32,1572.65,31192.50,32.66,0.00,32.66,89.63,9.89,NVIDIA RTX PRO 6000 Blackwell Server Edition,94.97,INTEL(R) XEON(R) GOLD 5512U,56,251.36,12.9.7,595.58.03,f86b4e1ad66e637e7770a727e181ffe150a2077b
2026-08-24,measured,2026-08-24T08:17:08.728325Z,Isaac-Reorient-Cube-Shadow-Camera-Direct,runtime,,newton_mjwarp,none,8192,,100,36047.36,144.45,36354.78,27.85,0.00,27.85,98.09,2.23,NVIDIA RTX PRO 6000 Blackwell Server Edition,94.97,INTEL(R) XEON(R) GOLD 5512U,56,251.36,12.9.7,595.58.03,f86b4e1ad66e637e7770a727e181ffe150a2077b
2026-08-24,measured,2026-08-24T18:36:06.092210Z,Isaac-Reorient-Cube-Shadow-Camera-Direct,runtime,,ovphysx,none,8192,,100,27504.06,195.60,28224.20,26.34,0.00,26.34,78.45,22.55,NVIDIA RTX PRO 6000 Blackwell Server Edition,94.97,INTEL(R) XEON(R) GOLD 5512U,56,251.36,12.9.7,595.58.03,c4a275975788ff0c64b39de66ce799070b75fb1c
2026-08-24,measured,2026-08-24T10:00:55.777814Z,Isaac-Reorient-Cube-Shadow-Camera-Direct,training,rsl_rl,isaacsim_physx,none,8192,42,10,31310.50,1859.66,31973.00,35.43,2.09,35.73,88.66,15.95,NVIDIA RTX PRO 6000 Blackwell Server Edition,94.97,INTEL(R) XEON(R) GOLD 5512U,56,251.36,12.9.7,595.58.03,f86b4e1ad66e637e7770a727e181ffe150a2077b
2026-08-24,measured,2026-08-24T14:51:54.102828Z,Isaac-Reorient-Cube-Shadow-Camera-Direct,training,rsl_rl,newton_mjwarp,none,8192,42,10,38264.50,899.04,38716.00,29.49,1.40,29.62,96.64,7.42,NVIDIA RTX PRO 6000 Blackwell Server Edition,94.97,INTEL(R) XEON(R) GOLD 5512U,56,251.36,12.9.7,595.58.03,f86b4e1ad66e637e7770a727e181ffe150a2077b
2026-08-24,measured,2026-08-24T15:45:08.331855Z,Isaac-Reorient-Cube-Shadow-Camera-Direct,training,rsl_rl,ovphysx,none,8192,42,10,28595.90,681.28,28874.00,28.04,0.81,28.11,78.61,22.38,NVIDIA RTX PRO 6000 Blackwell Server Edition,94.97,INTEL(R) XEON(R) GOLD 5512U,56,251.36,12.9.7,595.58.03,f86b4e1ad66e637e7770a727e181ffe150a2077b
2026-08-24,measured,2026-08-24T07:33:49.504437Z,Isaac-Reorient-Cube-Shadow-Direct,runtime,,isaacsim_physx,none,8192,,100,207938.82,22269.89,253892.00,10.01,0.00,10.01,50.20,1.10,NVIDIA RTX PRO 6000 Blackwell Server Edition,94.97,INTEL(R) XEON(R) GOLD 5512U,56,251.36,12.9.7,595.58.03,f86b4e1ad66e637e7770a727e181ffe150a2077b
2026-08-24,measured,2026-08-24T08:13:31.627455Z,Isaac-Reorient-Cube-Shadow-Direct,runtime,,newton_mjwarp,none,8192,,100,361384.14,7319.77,402559.54,8.54,0.00,8.54,83.25,0.96,NVIDIA RTX PRO 6000 Blackwell Server Edition,94.97,INTEL(R) XEON(R) GOLD 5512U,56,251.36,12.9.7,595.58.03,f86b4e1ad66e637e7770a727e181ffe150a2077b
2026-08-24,measured,2026-08-24T18:23:40.884008Z,Isaac-Reorient-Cube-Shadow-Direct,runtime,,ovphysx,none,8192,,100,127641.65,5135.45,137807.22,6.97,0.00,6.97,27.38,2.20,NVIDIA RTX PRO 6000 Blackwell Server Edition,94.97,INTEL(R) XEON(R) GOLD 5512U,56,251.36,12.9.7,595.58.03,c4a275975788ff0c64b39de66ce799070b75fb1c
2026-08-24,measured,2026-08-24T09:50:34.242725Z,Isaac-Reorient-Cube-Shadow-Direct,training,rsl_rl,isaacsim_physx,none,8192,42,10,156401.80,37760.91,177493.00,10.89,0.64,11.29,40.30,22.03,NVIDIA RTX PRO 6000 Blackwell Server Edition,94.97,INTEL(R) XEON(R) GOLD 5512U,56,251.36,12.9.7,595.58.03,f86b4e1ad66e637e7770a727e181ffe150a2077b
2026-08-24,measured,2026-08-24T14:34:47.514709Z,Isaac-Reorient-Cube-Shadow-Direct,training,rsl_rl,newton_mjwarp,none,8192,42,10,253745.00,64680.87,277494.00,8.63,2.67,9.82,55.00,37.93,NVIDIA RTX PRO 6000 Blackwell Server Edition,94.97,INTEL(R) XEON(R) GOLD 5512U,56,251.36,12.9.7,595.58.03,f86b4e1ad66e637e7770a727e181ffe150a2077b
2026-08-24,measured,2026-08-24T15:34:37.151952Z,Isaac-Reorient-Cube-Shadow-Direct,training,rsl_rl,ovphysx,none,8192,42,10,98032.90,18597.68,106512.00,7.99,0.54,8.25,24.80,17.40,NVIDIA RTX PRO 6000 Blackwell Server Edition,94.97,INTEL(R) XEON(R) GOLD 5512U,56,251.36,12.9.7,595.58.03,f86b4e1ad66e637e7770a727e181ffe150a2077b
2026-08-24,measured,2026-08-24T07:24:05.042526Z,Isaac-Reorient-Franka,runtime,,isaacsim_physx,none,8192,,100,200076.20,24468.09,226261.57,10.83,0.00,10.83,45.80,1.30,NVIDIA RTX PRO 6000 Blackwell Server Edition,94.97,INTEL(R) XEON(R) GOLD 5512U,56,251.36,12.9.7,595.58.03,f86b4e1ad66e637e7770a727e181ffe150a2077b
2026-08-24,measured,2026-08-24T08:06:39.217463Z,Isaac-Reorient-Franka,runtime,,newton_mjwarp,none,8192,,100,460352.76,3485.22,471010.43,3.02,0.00,3.02,59.33,1.15,NVIDIA RTX PRO 6000 Blackwell Server Edition,94.97,INTEL(R) XEON(R) GOLD 5512U,56,251.36,12.9.7,595.58.03,f86b4e1ad66e637e7770a727e181ffe150a2077b
2026-08-24,measured,2026-08-24T18:16:19.945986Z,Isaac-Reorient-Franka,runtime,,ovphysx,none,8192,,100,456699.17,4518.10,467916.53,3.02,0.00,3.02,60.33,2.08,NVIDIA RTX PRO 6000 Blackwell Server Edition,94.97,INTEL(R) XEON(R) GOLD 5512U,56,251.36,12.9.7,595.58.03,c4a275975788ff0c64b39de66ce799070b75fb1c
2026-08-24,measured,2026-08-24T09:37:23.538121Z,Isaac-Reorient-Franka,training,rsl_rl,isaacsim_physx,none,8192,42,10,148901.50,20549.44,159953.00,13.95,0.84,14.33,46.17,16.10,NVIDIA RTX PRO 6000 Blackwell Server Edition,94.97,INTEL(R) XEON(R) GOLD 5512U,56,251.36,12.9.7,595.58.03,f86b4e1ad66e637e7770a727e181ffe150a2077b
2026-08-24,measured,2026-08-24T14:30:55.646616Z,Isaac-Reorient-Franka,training,rsl_rl,newton_mjwarp,none,8192,42,10,293848.60,53994.18,311956.00,6.22,0.95,6.64,57.64,23.23,NVIDIA RTX PRO 6000 Blackwell Server Edition,94.97,INTEL(R) XEON(R) GOLD 5512U,56,251.36,12.9.7,595.58.03,f86b4e1ad66e637e7770a727e181ffe150a2077b
2026-08-24,measured,2026-08-24T15:29:53.794895Z,Isaac-Reorient-Franka,training,rsl_rl,ovphysx,none,8192,42,10,59986.40,4066.76,61889.00,10.68,0.69,10.93,19.56,16.84,NVIDIA RTX PRO 6000 Blackwell Server Edition,94.97,INTEL(R) XEON(R) GOLD 5512U,56,251.36,12.9.7,595.58.03,f86b4e1ad66e637e7770a727e181ffe150a2077b
2026-08-24,measured,2026-08-24T07:32:34.240420Z,Isaac-Reorient-KukaAllegro,runtime,,isaacsim_physx,none,8192,,100,70163.74,6879.31,81334.58,11.90,0.00,11.90,80.82,4.05,NVIDIA RTX PRO 6000 Blackwell Server Edition,94.97,INTEL(R) XEON(R) GOLD 5512U,56,251.36,12.9.7,595.58.03,f86b4e1ad66e637e7770a727e181ffe150a2077b
2026-08-24,measured,2026-08-24T08:06:24.952764Z,Isaac-Reorient-KukaAllegro,runtime,,newton_mjwarp,none,8192,,100,277478.45,20043.44,323607.32,4.18,0.00,4.18,75.25,2.87,NVIDIA RTX PRO 6000 Blackwell Server Edition,94.97,INTEL(R) XEON(R) GOLD 5512U,56,251.36,12.9.7,595.58.03,f86b4e1ad66e637e7770a727e181ffe150a2077b
2026-08-24,measured,2026-08-24T18:21:42.442687Z,Isaac-Reorient-KukaAllegro,runtime,,ovphysx,none,8192,,100,34978.93,2372.38,55538.09,9.74,0.00,9.74,60.22,28.06,NVIDIA RTX PRO 6000 Blackwell Server Edition,94.97,INTEL(R) XEON(R) GOLD 5512U,56,251.36,12.9.7,595.58.03,c4a275975788ff0c64b39de66ce799070b75fb1c
2026-08-24,measured,2026-08-24T09:49:53.581303Z,Isaac-Reorient-KukaAllegro,training,rsl_rl,isaacsim_physx,none,8192,42,10,54888.20,3258.73,60753.00,16.47,0.99,16.90,75.45,15.05,NVIDIA RTX PRO 6000 Blackwell Server Edition,94.97,INTEL(R) XEON(R) GOLD 5512U,56,251.36,12.9.7,595.58.03,f86b4e1ad66e637e7770a727e181ffe150a2077b
2026-08-24,measured,2026-08-24T14:32:59.491909Z,Isaac-Reorient-KukaAllegro,training,rsl_rl,newton_mjwarp,none,8192,42,10,195932.20,29254.04,208143.00,8.30,1.06,8.70,70.47,21.41,NVIDIA RTX PRO 6000 Blackwell Server Edition,94.97,INTEL(R) XEON(R) GOLD 5512U,56,251.36,12.9.7,595.58.03,f86b4e1ad66e637e7770a727e181ffe150a2077b
2026-08-24,measured,2026-08-24T15:27:15.095270Z,Isaac-Reorient-KukaAllegro,training,rsl_rl,ovphysx,none,8192,42,10,33264.80,1149.90,34078.00,13.82,0.88,14.12,51.30,27.68,NVIDIA RTX PRO 6000 Blackwell Server Edition,94.97,INTEL(R) XEON(R) GOLD 5512U,56,251.36,12.9.7,595.58.03,f86b4e1ad66e637e7770a727e181ffe150a2077b
2026-08-24,measured,2026-08-24T07:41:21.192372Z,Isaac-Reorient-KukaAllegro-Camera,runtime,,isaacsim_physx,none,8192,,100,65350.83,6631.89,78223.87,13.70,0.00,13.70,78.75,2.70,NVIDIA RTX PRO 6000 Blackwell Server Edition,94.97,INTEL(R) XEON(R) GOLD 5512U,56,251.36,12.9.7,595.58.03,f86b4e1ad66e637e7770a727e181ffe150a2077b
2026-08-24,measured,2026-08-24T08:11:57.906703Z,Isaac-Reorient-KukaAllegro-Camera,runtime,,newton_mjwarp,none,8192,,100,161997.92,6969.23,175460.13,5.85,0.00,5.85,85.50,3.21,NVIDIA RTX PRO 6000 Blackwell Server Edition,94.97,INTEL(R) XEON(R) GOLD 5512U,56,251.36,12.9.7,595.58.03,f86b4e1ad66e637e7770a727e181ffe150a2077b
2026-08-24,measured,2026-08-24T18:28:05.195990Z,Isaac-Reorient-KukaAllegro-Camera,runtime,,ovphysx,none,8192,,100,30775.92,1668.51,45369.38,11.66,0.00,11.66,61.11,22.66,NVIDIA RTX PRO 6000 Blackwell Server Edition,94.97,INTEL(R) XEON(R) GOLD 5512U,56,251.36,12.9.7,595.58.03,c4a275975788ff0c64b39de66ce799070b75fb1c
2026-08-24,measured,2026-08-24T09:53:44.066093Z,Isaac-Reorient-KukaAllegro-Camera,training,rsl_rl,isaacsim_physx,none,8192,42,10,49376.80,9072.58,56875.00,33.55,3.41,35.30,70.64,25.06,NVIDIA RTX PRO 6000 Blackwell Server Edition,94.97,INTEL(R) XEON(R) GOLD 5512U,56,251.36,12.9.7,595.58.03,f86b4e1ad66e637e7770a727e181ffe150a2077b
2026-08-24,measured,2026-08-24T14:41:04.292511Z,Isaac-Reorient-KukaAllegro-Camera,training,rsl_rl,newton_mjwarp,none,8192,42,10,128076.30,14329.94,133832.00,26.10,2.85,27.21,77.64,22.43,NVIDIA RTX PRO 6000 Blackwell Server Edition,94.97,INTEL(R) XEON(R) GOLD 5512U,56,251.36,12.9.7,595.58.03,f86b4e1ad66e637e7770a727e181ffe150a2077b
2026-08-24,measured,2026-08-24T15:37:31.058909Z,Isaac-Reorient-KukaAllegro-Camera,training,rsl_rl,ovphysx,none,8192,42,10,29078.30,1191.83,30624.00,31.85,2.52,32.76,55.06,30.22,NVIDIA RTX PRO 6000 Blackwell Server Edition,94.97,INTEL(R) XEON(R) GOLD 5512U,56,251.36,12.9.7,595.58.03,f86b4e1ad66e637e7770a727e181ffe150a2077b
2026-08-24,measured,2026-08-24T07:25:41.745171Z,Isaac-Shadow-Handover-Direct,runtime,,isaacsim_physx,none,8192,,100,140662.83,13898.89,152867.84,12.91,0.00,12.91,5.82,8.59,NVIDIA RTX PRO 6000 Blackwell Server Edition,94.97,INTEL(R) XEON(R) GOLD 5512U,56,251.36,12.9.7,595.58.03,f86b4e1ad66e637e7770a727e181ffe150a2077b
2026-08-24,measured,2026-08-24T08:13:16.601088Z,Isaac-Shadow-Handover-Direct,runtime,,newton_mjwarp,none,8192,,100,129280.39,1475.97,132565.82,12.57,0.00,12.57,18.06,22.65,NVIDIA RTX PRO 6000 Blackwell Server Edition,94.97,INTEL(R) XEON(R) GOLD 5512U,56,251.36,12.9.7,595.58.03,f86b4e1ad66e637e7770a727e181ffe150a2077b
2026-08-24,measured,2026-08-24T18:25:53.053658Z,Isaac-Shadow-Handover-Direct,runtime,,ovphysx,none,8192,,100,73852.35,4273.52,80200.80,10.81,0.00,10.81,5.89,8.51,NVIDIA RTX PRO 6000 Blackwell Server Edition,94.97,INTEL(R) XEON(R) GOLD 5512U,56,251.36,12.9.7,595.58.03,c4a275975788ff0c64b39de66ce799070b75fb1c
2026-08-24,measured,2026-08-24T09:36:34.802748Z,Isaac-Shadow-Handover-Direct,training,rsl_rl,isaacsim_physx,none,8192,42,10,111759.70,22897.48,122056.00,14.05,0.69,14.40,38.00,17.18,NVIDIA RTX PRO 6000 Blackwell Server Edition,94.97,INTEL(R) XEON(R) GOLD 5512U,56,251.36,12.9.7,595.58.03,f86b4e1ad66e637e7770a727e181ffe150a2077b
2026-08-24,measured,2026-08-24T14:43:15.215159Z,Isaac-Shadow-Handover-Direct,training,rsl_rl,newton_mjwarp,none,8192,42,10,112170.70,18126.11,121142.00,13.22,2.66,14.05,75.31,34.04,NVIDIA RTX PRO 6000 Blackwell Server Edition,94.97,INTEL(R) XEON(R) GOLD 5512U,56,251.36,12.9.7,595.58.03,f86b4e1ad66e637e7770a727e181ffe150a2077b
2026-08-24,measured,2026-08-24T15:26:40.574303Z,Isaac-Shadow-Handover-Direct,training,rsl_rl,ovphysx,none,8192,42,10,67775.70,9167.30,72246.00,12.20,0.57,12.43,20.50,8.38,NVIDIA RTX PRO 6000 Blackwell Server Edition,94.97,INTEL(R) XEON(R) GOLD 5512U,56,251.36,12.9.7,595.58.03,f86b4e1ad66e637e7770a727e181ffe150a2077b
2026-08-24,measured,2026-08-24T07:21:14.173073Z,Isaac-Velocity-Flat-AnymalD,runtime,,isaacsim_physx,none,8192,,100,193811.55,37489.80,260561.13,9.77,0.00,9.77,30.40,16.46,NVIDIA RTX PRO 6000 Blackwell Server Edition,94.97,INTEL(R) XEON(R) GOLD 5512U,56,251.36,12.9.7,595.58.03,f86b4e1ad66e637e7770a727e181ffe150a2077b
2026-08-24,measured,2026-08-24T08:04:15.980375Z,Isaac-Velocity-Flat-AnymalD,runtime,,newton_mjwarp,none,8192,,100,189653.75,52167.07,313486.22,2.45,0.00,2.45,65.17,36.52,NVIDIA RTX PRO 6000 Blackwell Server Edition,94.97,INTEL(R) XEON(R) GOLD 5512U,56,251.36,12.9.7,595.58.03,f86b4e1ad66e637e7770a727e181ffe150a2077b
2026-08-24,measured,2026-08-24T18:17:15.724908Z,Isaac-Velocity-Flat-AnymalD,runtime,,ovphysx,none,8192,,100,233850.15,38684.53,303871.82,6.76,0.00,6.76,41.20,1.48,NVIDIA RTX PRO 6000 Blackwell Server Edition,94.97,INTEL(R) XEON(R) GOLD 5512U,56,251.36,12.9.7,595.58.03,c4a275975788ff0c64b39de66ce799070b75fb1c
2026-08-24,measured,2026-08-24T09:39:27.412605Z,Isaac-Velocity-Flat-AnymalD,training,rsl_rl,isaacsim_physx,none,8192,42,10,158302.70,31765.39,172815.00,10.01,0.41,10.18,29.50,12.00,NVIDIA RTX PRO 6000 Blackwell Server Edition,94.97,INTEL(R) XEON(R) GOLD 5512U,56,251.36,12.9.7,595.58.03,f86b4e1ad66e637e7770a727e181ffe150a2077b
2026-08-24,measured,2026-08-24T14:35:58.066492Z,Isaac-Velocity-Flat-AnymalD,training,rsl_rl,newton_mjwarp,none,8192,42,10,228578.10,47721.38,249122.00,2.75,0.20,2.85,67.91,29.85,NVIDIA RTX PRO 6000 Blackwell Server Edition,94.97,INTEL(R) XEON(R) GOLD 5512U,56,251.36,12.9.7,595.58.03,f86b4e1ad66e637e7770a727e181ffe150a2077b
2026-08-24,measured,2026-08-24T15:26:34.293769Z,Isaac-Velocity-Flat-AnymalD,training,rsl_rl,ovphysx,none,8192,42,10,200399.10,40892.39,217114.00,6.97,0.44,7.17,32.42,14.91,NVIDIA RTX PRO 6000 Blackwell Server Edition,94.97,INTEL(R) XEON(R) GOLD 5512U,56,251.36,12.9.7,595.58.03,f86b4e1ad66e637e7770a727e181ffe150a2077b
2026-08-24,measured,2026-08-24T07:30:33.726534Z,Isaac-Velocity-Flat-Cassie,runtime,,isaacsim_physx,none,8192,,100,310171.71,30484.26,358136.69,8.80,0.00,8.80,34.75,0.96,NVIDIA RTX PRO 6000 Blackwell Server Edition,94.97,INTEL(R) XEON(R) GOLD 5512U,56,251.36,12.9.7,595.58.03,f86b4e1ad66e637e7770a727e181ffe150a2077b
2026-08-24,measured,2026-08-24T08:06:28.145654Z,Isaac-Velocity-Flat-Cassie,runtime,,newton_mjwarp,none,8192,,100,571909.09,5511.99,586650.38,1.44,0.00,1.44,74.00,0.00,NVIDIA RTX PRO 6000 Blackwell Server Edition,94.97,INTEL(R) XEON(R) GOLD 5512U,56,251.36,12.9.7,595.58.03,f86b4e1ad66e637e7770a727e181ffe150a2077b
2026-08-24,measured,2026-08-24T18:17:53.756929Z,Isaac-Velocity-Flat-Cassie,runtime,,ovphysx,none,8192,,100,383853.83,15007.46,423136.34,5.71,0.00,5.71,36.75,0.96,NVIDIA RTX PRO 6000 Blackwell Server Edition,94.97,INTEL(R) XEON(R) GOLD 5512U,56,251.36,12.9.7,595.58.03,c4a275975788ff0c64b39de66ce799070b75fb1c
2026-08-24,measured,2026-08-24T09:39:29.560403Z,Isaac-Velocity-Flat-Cassie,training,rsl_rl,isaacsim_physx,none,8192,42,10,231044.90,52789.70,261277.00,9.13,0.42,9.31,29.90,15.34,NVIDIA RTX PRO 6000 Blackwell Server Edition,94.97,INTEL(R) XEON(R) GOLD 5512U,56,251.36,12.9.7,595.58.03,f86b4e1ad66e637e7770a727e181ffe150a2077b
2026-08-24,measured,2026-08-24T14:36:55.525524Z,Isaac-Velocity-Flat-Cassie,training,rsl_rl,newton_mjwarp,none,8192,42,10,429798.00,113757.12,467371.00,1.82,0.24,1.96,49.14,33.83,NVIDIA RTX PRO 6000 Blackwell Server Edition,94.97,INTEL(R) XEON(R) GOLD 5512U,56,251.36,12.9.7,595.58.03,f86b4e1ad66e637e7770a727e181ffe150a2077b
2026-08-24,measured,2026-08-24T15:26:40.597233Z,Isaac-Velocity-Flat-Cassie,training,rsl_rl,ovphysx,none,8192,42,10,301254.90,72538.74,330573.00,6.04,0.42,6.22,29.89,18.74,NVIDIA RTX PRO 6000 Blackwell Server Edition,94.97,INTEL(R) XEON(R) GOLD 5512U,56,251.36,12.9.7,595.58.03,f86b4e1ad66e637e7770a727e181ffe150a2077b
2026-08-24,measured,2026-08-24T07:27:46.584625Z,Isaac-Velocity-Flat-G1,runtime,,isaacsim_physx,none,8192,,100,159473.74,19443.97,177623.71,10.54,0.00,10.54,66.83,1.72,NVIDIA RTX PRO 6000 Blackwell Server Edition,94.97,INTEL(R) XEON(R) GOLD 5512U,56,251.36,12.9.7,595.58.03,f86b4e1ad66e637e7770a727e181ffe150a2077b
2026-08-24,measured,2026-08-24T08:07:16.466089Z,Isaac-Velocity-Flat-G1,runtime,,newton_mjwarp,none,8192,,100,296649.57,2086.68,300823.37,3.48,0.00,3.48,85.00,2.16,NVIDIA RTX PRO 6000 Blackwell Server Edition,94.97,INTEL(R) XEON(R) GOLD 5512U,56,251.36,12.9.7,595.58.03,f86b4e1ad66e637e7770a727e181ffe150a2077b
2026-08-24,measured,2026-08-24T18:20:16.346460Z,Isaac-Velocity-Flat-G1,runtime,,ovphysx,none,8192,,100,207252.43,4245.04,216398.61,8.55,0.00,8.55,71.60,1.67,NVIDIA RTX PRO 6000 Blackwell Server Edition,94.97,INTEL(R) XEON(R) GOLD 5512U,56,251.36,12.9.7,595.58.03,c4a275975788ff0c64b39de66ce799070b75fb1c
2026-08-24,measured,2026-08-24T09:49:34.456509Z,Isaac-Velocity-Flat-G1,training,rsl_rl,isaacsim_physx,none,8192,42,10,138861.10,28733.58,149692.00,11.33,0.35,11.51,49.80,24.41,NVIDIA RTX PRO 6000 Blackwell Server Edition,94.97,INTEL(R) XEON(R) GOLD 5512U,56,251.36,12.9.7,595.58.03,f86b4e1ad66e637e7770a727e181ffe150a2077b
2026-08-24,measured,2026-08-24T14:37:46.001083Z,Isaac-Velocity-Flat-G1,training,rsl_rl,newton_mjwarp,none,8192,42,10,246791.90,57609.73,265562.00,4.17,0.47,4.45,64.10,34.03,NVIDIA RTX PRO 6000 Blackwell Server Edition,94.97,INTEL(R) XEON(R) GOLD 5512U,56,251.36,12.9.7,595.58.03,f86b4e1ad66e637e7770a727e181ffe150a2077b
2026-08-24,measured,2026-08-24T15:27:59.401604Z,Isaac-Velocity-Flat-G1,training,rsl_rl,ovphysx,none,8192,42,10,179126.10,37184.14,192914.00,9.32,0.37,9.52,58.77,26.16,NVIDIA RTX PRO 6000 Blackwell Server Edition,94.97,INTEL(R) XEON(R) GOLD 5512U,56,251.36,12.9.7,595.58.03,f86b4e1ad66e637e7770a727e181ffe150a2077b
2026-08-24,measured,2026-08-24T07:26:05.776664Z,Isaac-Velocity-Flat-H1,runtime,,isaacsim_physx,none,8192,,100,280724.94,31927.12,317345.95,8.90,0.00,8.90,44.50,1.73,NVIDIA RTX PRO 6000 Blackwell Server Edition,94.97,INTEL(R) XEON(R) GOLD 5512U,56,251.36,12.9.7,595.58.03,f86b4e1ad66e637e7770a727e181ffe150a2077b
2026-08-24,measured,2026-08-24T08:07:05.843684Z,Isaac-Velocity-Flat-H1,runtime,,newton_mjwarp,none,8192,,100,464716.54,5726.40,479592.41,1.85,0.00,1.85,50.33,43.59,NVIDIA RTX PRO 6000 Blackwell Server Edition,94.97,INTEL(R) XEON(R) GOLD 5512U,56,251.36,12.9.7,595.58.03,f86b4e1ad66e637e7770a727e181ffe150a2077b
2026-08-24,measured,2026-08-24T18:20:02.695949Z,Isaac-Velocity-Flat-H1,runtime,,ovphysx,none,8192,,100,360366.08,13188.21,392662.77,5.75,0.00,5.75,47.25,1.26,NVIDIA RTX PRO 6000 Blackwell Server Edition,94.97,INTEL(R) XEON(R) GOLD 5512U,56,251.36,12.9.7,595.58.03,c4a275975788ff0c64b39de66ce799070b75fb1c
2026-08-24,measured,2026-08-24T09:48:37.914191Z,Isaac-Velocity-Flat-H1,training,rsl_rl,isaacsim_physx,none,8192,42,10,214286.90,49390.59,238852.00,9.28,0.27,9.44,33.18,15.45,NVIDIA RTX PRO 6000 Blackwell Server Edition,94.97,INTEL(R) XEON(R) GOLD 5512U,56,251.36,12.9.7,595.58.03,f86b4e1ad66e637e7770a727e181ffe150a2077b
2026-08-24,measured,2026-08-24T14:37:12.590386Z,Isaac-Velocity-Flat-H1,training,rsl_rl,newton_mjwarp,none,8192,42,10,365208.70,95595.46,398548.00,2.29,0.26,2.43,55.12,34.04,NVIDIA RTX PRO 6000 Blackwell Server Edition,94.97,INTEL(R) XEON(R) GOLD 5512U,56,251.36,12.9.7,595.58.03,f86b4e1ad66e637e7770a727e181ffe150a2077b
2026-08-24,measured,2026-08-24T15:26:05.916558Z,Isaac-Velocity-Flat-H1,training,rsl_rl,ovphysx,none,8192,42,10,282395.20,69249.64,306738.00,6.18,0.25,6.32,34.67,19.40,NVIDIA RTX PRO 6000 Blackwell Server Edition,94.97,INTEL(R) XEON(R) GOLD 5512U,56,251.36,12.9.7,595.58.03,f86b4e1ad66e637e7770a727e181ffe150a2077b
2026-08-24,measured,2026-08-24T07:27:27.696495Z,Isaac-Velocity-Flat-UnitreeGo2,runtime,,isaacsim_physx,none,8192,,100,228934.55,43297.58,347660.49,8.86,0.00,8.86,32.00,13.19,NVIDIA RTX PRO 6000 Blackwell Server Edition,94.97,INTEL(R) XEON(R) GOLD 5512U,56,251.36,12.9.7,595.58.03,f86b4e1ad66e637e7770a727e181ffe150a2077b
2026-08-24,measured,2026-08-24T08:07:05.357691Z,Isaac-Velocity-Flat-UnitreeGo2,runtime,,newton_mjwarp,none,8192,,100,367418.22,138813.02,812126.70,1.75,0.00,1.75,60.50,34.23,NVIDIA RTX PRO 6000 Blackwell Server Edition,94.97,INTEL(R) XEON(R) GOLD 5512U,56,251.36,12.9.7,595.58.03,f86b4e1ad66e637e7770a727e181ffe150a2077b
2026-08-24,measured,2026-08-24T18:20:26.331285Z,Isaac-Velocity-Flat-UnitreeGo2,runtime,,ovphysx,none,8192,,100,100645.12,18180.34,135818.72,6.06,0.00,6.06,14.56,3.84,NVIDIA RTX PRO 6000 Blackwell Server Edition,94.97,INTEL(R) XEON(R) GOLD 5512U,56,251.36,12.9.7,595.58.03,c4a275975788ff0c64b39de66ce799070b75fb1c
2026-08-24,measured,2026-08-24T09:44:30.198302Z,Isaac-Velocity-Flat-UnitreeGo2,training,rsl_rl,isaacsim_physx,none,8192,42,10,201063.50,44734.79,228976.00,9.21,0.28,9.38,31.18,14.50,NVIDIA RTX PRO 6000 Blackwell Server Edition,94.97,INTEL(R) XEON(R) GOLD 5512U,56,251.36,12.9.7,595.58.03,f86b4e1ad66e637e7770a727e181ffe150a2077b
2026-08-24,measured,2026-08-24T14:37:53.445526Z,Isaac-Velocity-Flat-UnitreeGo2,training,rsl_rl,newton_mjwarp,none,8192,42,10,456009.70,122885.41,495279.00,2.13,0.23,2.27,50.00,31.23,NVIDIA RTX PRO 6000 Blackwell Server Edition,94.97,INTEL(R) XEON(R) GOLD 5512U,56,251.36,12.9.7,595.58.03,f86b4e1ad66e637e7770a727e181ffe150a2077b
2026-08-24,measured,2026-08-24T15:27:39.515433Z,Isaac-Velocity-Flat-UnitreeGo2,training,rsl_rl,ovphysx,none,8192,42,10,98940.90,14552.66,104130.00,6.46,0.25,6.58,15.38,6.88,NVIDIA RTX PRO 6000 Blackwell Server Edition,94.97,INTEL(R) XEON(R) GOLD 5512U,56,251.36,12.9.7,595.58.03,f86b4e1ad66e637e7770a727e181ffe150a2077b
2026-08-24,measured,2026-08-24T07:31:44.308490Z,Isaac-Velocity-Rough-AnymalD,runtime,,isaacsim_physx,none,8192,,100,62130.64,9811.29,77394.60,11.83,0.00,11.83,72.15,21.51,NVIDIA RTX PRO 6000 Blackwell Server Edition,94.97,INTEL(R) XEON(R) GOLD 5512U,56,251.36,12.9.7,595.58.03,f86b4e1ad66e637e7770a727e181ffe150a2077b
2026-08-24,measured,2026-08-24T08:07:38.122703Z,Isaac-Velocity-Rough-AnymalD,runtime,,newton_mjwarp,none,8192,,100,125002.00,4956.69,136106.73,5.49,0.00,5.49,93.50,2.67,NVIDIA RTX PRO 6000 Blackwell Server Edition,94.97,INTEL(R) XEON(R) GOLD 5512U,56,251.36,12.9.7,595.58.03,f86b4e1ad66e637e7770a727e181ffe150a2077b
2026-08-24,measured,2026-08-24T18:21:51.446997Z,Isaac-Velocity-Rough-AnymalD,runtime,,ovphysx,none,8192,,100,71265.49,11295.98,90987.98,8.52,0.00,8.52,74.17,22.45,NVIDIA RTX PRO 6000 Blackwell Server Edition,94.97,INTEL(R) XEON(R) GOLD 5512U,56,251.36,12.9.7,595.58.03,c4a275975788ff0c64b39de66ce799070b75fb1c
2026-08-24,measured,2026-08-24T09:45:09.605573Z,Isaac-Velocity-Rough-AnymalD,training,rsl_rl,isaacsim_physx,none,8192,42,10,62480.10,8719.54,68621.00,12.79,0.67,13.08,64.74,20.44,NVIDIA RTX PRO 6000 Blackwell Server Edition,94.97,INTEL(R) XEON(R) GOLD 5512U,56,251.36,12.9.7,595.58.03,f86b4e1ad66e637e7770a727e181ffe150a2077b
2026-08-24,measured,2026-08-24T02:19:38.063944Z,Isaac-Velocity-Rough-AnymalD,training,rsl_rl,newton_mjwarp,none,8192,42,10,126985.90,18547.45,137968.00,6.37,0.48,6.58,77.59,28.87,NVIDIA RTX PRO 6000 Blackwell Server Edition,94.97,INTEL(R) XEON(R) GOLD 5512U,56,251.36,12.9.7,595.58.03,382b9244c47c3844d9915b6fc89390431f3e9844
2026-08-24,measured,2026-08-24T15:27:57.161813Z,Isaac-Velocity-Rough-AnymalD,training,rsl_rl,ovphysx,none,8192,42,10,76425.40,6904.83,83423.00,9.52,0.63,9.77,69.62,20.42,NVIDIA RTX PRO 6000 Blackwell Server Edition,94.97,INTEL(R) XEON(R) GOLD 5512U,56,251.36,12.9.7,595.58.03,f86b4e1ad66e637e7770a727e181ffe150a2077b
2026-08-24,measured,2026-08-24T07:31:17.769084Z,Isaac-Velocity-Rough-Cassie,runtime,,isaacsim_physx,none,8192,,100,156049.30,10667.35,166970.89,10.05,0.00,10.05,68.50,1.76,NVIDIA RTX PRO 6000 Blackwell Server Edition,94.97,INTEL(R) XEON(R) GOLD 5512U,56,251.36,12.9.7,595.58.03,f86b4e1ad66e637e7770a727e181ffe150a2077b
2026-08-24,measured,2026-08-24T08:08:05.071391Z,Isaac-Velocity-Rough-Cassie,runtime,,newton_mjwarp,none,8192,,100,236295.33,4700.57,246053.75,4.68,0.00,4.68,88.80,0.45,NVIDIA RTX PRO 6000 Blackwell Server Edition,94.97,INTEL(R) XEON(R) GOLD 5512U,56,251.36,12.9.7,595.58.03,f86b4e1ad66e637e7770a727e181ffe150a2077b
2026-08-24,measured,2026-08-24T18:22:23.651996Z,Isaac-Velocity-Rough-Cassie,runtime,,ovphysx,none,8192,,100,190334.75,4708.34,203117.65,6.82,0.00,6.82,67.33,1.51,NVIDIA RTX PRO 6000 Blackwell Server Edition,94.97,INTEL(R) XEON(R) GOLD 5512U,56,251.36,12.9.7,595.58.03,c4a275975788ff0c64b39de66ce799070b75fb1c
2026-08-24,measured,2026-08-24T09:44:37.179043Z,Isaac-Velocity-Rough-Cassie,training,rsl_rl,isaacsim_physx,none,8192,42,10,125470.70,22870.08,142359.00,11.34,0.52,11.58,56.50,21.86,NVIDIA RTX PRO 6000 Blackwell Server Edition,94.97,INTEL(R) XEON(R) GOLD 5512U,56,251.36,12.9.7,595.58.03,f86b4e1ad66e637e7770a727e181ffe150a2077b
2026-08-24,measured,2026-08-24T14:38:25.515076Z,Isaac-Velocity-Rough-Cassie,training,rsl_rl,newton_mjwarp,none,8192,42,10,202030.40,41588.74,219273.00,5.86,0.65,6.21,71.67,33.66,NVIDIA RTX PRO 6000 Blackwell Server Edition,94.97,INTEL(R) XEON(R) GOLD 5512U,56,251.36,12.9.7,595.58.03,f86b4e1ad66e637e7770a727e181ffe150a2077b
2026-08-24,measured,2026-08-24T15:26:29.195230Z,Isaac-Velocity-Rough-Cassie,training,rsl_rl,ovphysx,none,8192,42,10,165982.40,31522.39,181084.00,8.05,0.60,8.35,59.93,18.49,NVIDIA RTX PRO 6000 Blackwell Server Edition,94.97,INTEL(R) XEON(R) GOLD 5512U,56,251.36,12.9.7,595.58.03,f86b4e1ad66e637e7770a727e181ffe150a2077b
2026-08-24,measured,2026-08-24T07:33:45.773863Z,Isaac-Velocity-Rough-G1,runtime,,isaacsim_physx,none,8192,,100,139339.72,15453.16,152912.20,11.61,0.00,11.61,74.71,1.70,NVIDIA RTX PRO 6000 Blackwell Server Edition,94.97,INTEL(R) XEON(R) GOLD 5512U,56,251.36,12.9.7,595.58.03,f86b4e1ad66e637e7770a727e181ffe150a2077b
2026-08-24,measured,2026-08-24T08:09:05.370092Z,Isaac-Velocity-Rough-G1,runtime,,newton_mjwarp,none,8192,,100,194395.42,1663.20,198353.18,5.66,0.00,5.66,89.17,2.23,NVIDIA RTX PRO 6000 Blackwell Server Edition,94.97,INTEL(R) XEON(R) GOLD 5512U,56,251.36,12.9.7,595.58.03,f86b4e1ad66e637e7770a727e181ffe150a2077b
2026-08-24,measured,2026-08-24T18:25:35.894972Z,Isaac-Velocity-Rough-G1,runtime,,ovphysx,none,8192,,100,176347.76,2017.24,179961.45,9.31,0.00,9.31,74.67,2.07,NVIDIA RTX PRO 6000 Blackwell Server Edition,94.97,INTEL(R) XEON(R) GOLD 5512U,56,251.36,12.9.7,595.58.03,c4a275975788ff0c64b39de66ce799070b75fb1c
2026-08-24,measured,2026-08-24T09:25:52.202868Z,Isaac-Velocity-Rough-G1,training,rsl_rl,isaacsim_physx,none,8192,42,10,110208.50,21541.03,126725.00,12.92,0.59,13.23,59.22,21.11,NVIDIA RTX PRO 6000 Blackwell Server Edition,94.97,INTEL(R) XEON(R) GOLD 5512U,56,251.36,12.9.7,595.58.03,f86b4e1ad66e637e7770a727e181ffe150a2077b
2026-08-24,measured,2026-08-24T14:19:47.231073Z,Isaac-Velocity-Rough-G1,training,rsl_rl,newton_mjwarp,none,8192,42,10,168392.50,33866.27,181557.00,7.01,0.66,7.34,74.36,31.22,NVIDIA RTX PRO 6000 Blackwell Server Edition,94.97,INTEL(R) XEON(R) GOLD 5512U,56,251.36,12.9.7,595.58.03,f86b4e1ad66e637e7770a727e181ffe150a2077b
2026-08-24,measured,2026-08-24T07:33:53.156816Z,Isaac-Velocity-Rough-H1,runtime,,isaacsim_physx,none,8192,,100,215084.90,24495.17,244393.94,9.59,0.00,9.59,57.40,3.65,NVIDIA RTX PRO 6000 Blackwell Server Edition,94.97,INTEL(R) XEON(R) GOLD 5512U,56,251.36,12.9.7,595.58.03,f86b4e1ad66e637e7770a727e181ffe150a2077b
2026-08-24,measured,2026-08-24T08:08:27.614859Z,Isaac-Velocity-Rough-H1,runtime,,newton_mjwarp,none,8192,,100,174758.49,2704.14,180093.82,5.28,0.00,5.28,91.33,1.63,NVIDIA RTX PRO 6000 Blackwell Server Edition,94.97,INTEL(R) XEON(R) GOLD 5512U,56,251.36,12.9.7,595.58.03,f86b4e1ad66e637e7770a727e181ffe150a2077b
2026-08-24,measured,2026-08-24T18:24:13.799637Z,Isaac-Velocity-Rough-H1,runtime,,ovphysx,none,8192,,100,268484.75,9393.91,283582.05,6.52,0.00,6.52,58.50,0.58,NVIDIA RTX PRO 6000 Blackwell Server Edition,94.97,INTEL(R) XEON(R) GOLD 5512U,56,251.36,12.9.7,595.58.03,c4a275975788ff0c64b39de66ce799070b75fb1c
2026-08-24,measured,2026-08-24T09:44:52.484711Z,Isaac-Velocity-Rough-H1,training,rsl_rl,isaacsim_physx,none,8192,42,10,167058.80,35402.37,187942.00,10.78,0.67,11.13,46.69,19.95,NVIDIA RTX PRO 6000 Blackwell Server Edition,94.97,INTEL(R) XEON(R) GOLD 5512U,56,251.36,12.9.7,595.58.03,f86b4e1ad66e637e7770a727e181ffe150a2077b
2026-08-24,measured,2026-08-24T14:38:39.280508Z,Isaac-Velocity-Rough-H1,training,rsl_rl,newton_mjwarp,none,8192,42,10,155298.90,29204.63,168255.00,6.54,0.60,6.83,74.67,30.43,NVIDIA RTX PRO 6000 Blackwell Server Edition,94.97,INTEL(R) XEON(R) GOLD 5512U,56,251.36,12.9.7,595.58.03,f86b4e1ad66e637e7770a727e181ffe150a2077b
2026-08-24,measured,2026-08-24T15:59:05.555946Z,Isaac-Velocity-Rough-H1,training,rsl_rl,ovphysx,none,16384,42,10,320817.30,64113.76,350589.00,11.75,1.10,12.30,58.50,25.16,NVIDIA RTX PRO 6000 Blackwell Server Edition,94.97,INTEL(R) XEON(R) GOLD 5512U,56,251.36,12.9.7,595.58.03,f86b4e1ad66e637e7770a727e181ffe150a2077b
2026-08-24,measured,2026-08-24T07:34:42.083823Z,Isaac-Velocity-Rough-UnitreeGo2,runtime,,isaacsim_physx,none,8192,,100,86137.85,10277.37,102780.15,11.16,0.00,11.16,72.10,25.02,NVIDIA RTX PRO 6000 Blackwell Server Edition,94.97,INTEL(R) XEON(R) GOLD 5512U,56,251.36,12.9.7,595.58.03,f86b4e1ad66e637e7770a727e181ffe150a2077b
2026-08-24,measured,2026-08-24T08:11:44.997401Z,Isaac-Velocity-Rough-UnitreeGo2,runtime,,newton_mjwarp,none,8192,,100,136557.86,25115.28,175986.63,5.03,0.00,5.03,95.00,2.24,NVIDIA RTX PRO 6000 Blackwell Server Edition,94.97,INTEL(R) XEON(R) GOLD 5512U,56,251.36,12.9.7,595.58.03,f86b4e1ad66e637e7770a727e181ffe150a2077b
2026-08-24,measured,2026-08-24T18:25:52.276276Z,Isaac-Velocity-Rough-UnitreeGo2,runtime,,ovphysx,none,8192,,100,59277.37,6888.21,66496.51,7.79,0.00,7.79,41.07,16.75,NVIDIA RTX PRO 6000 Blackwell Server Edition,94.97,INTEL(R) XEON(R) GOLD 5512U,56,251.36,12.9.7,595.58.03,c4a275975788ff0c64b39de66ce799070b75fb1c
2026-08-24,measured,2026-08-24T09:47:24.876816Z,Isaac-Velocity-Rough-UnitreeGo2,training,rsl_rl,isaacsim_physx,none,8192,42,10,77779.00,13979.39,84315.00,12.38,0.59,12.67,62.12,23.33,NVIDIA RTX PRO 6000 Blackwell Server Edition,94.97,INTEL(R) XEON(R) GOLD 5512U,56,251.36,12.9.7,595.58.03,f86b4e1ad66e637e7770a727e181ffe150a2077b
2026-08-24,measured,2026-08-24T14:37:41.073169Z,Isaac-Velocity-Rough-UnitreeGo2,training,rsl_rl,newton_mjwarp,none,8192,42,10,138899.50,23323.75,148572.00,6.29,0.58,6.56,79.56,31.19,NVIDIA RTX PRO 6000 Blackwell Server Edition,94.97,INTEL(R) XEON(R) GOLD 5512U,56,251.36,12.9.7,595.58.03,f86b4e1ad66e637e7770a727e181ffe150a2077b
2026-08-24,measured,2026-08-24T15:29:54.788219Z,Isaac-Velocity-Rough-UnitreeGo2,training,rsl_rl,ovphysx,none,8192,42,10,57415.30,5333.78,61684.00,9.07,0.53,9.28,44.56,11.77,NVIDIA RTX PRO 6000 Blackwell Server Edition,94.97,INTEL(R) XEON(R) GOLD 5512U,56,251.36,12.9.7,595.58.03,f86b4e1ad66e637e7770a727e181ffe150a2077b
